onset,offset,species,individual,clustername,filename,channelIndex
2.105,2.192,Unknown,Unknown,Unknown,BP_2022-09-17_08-12-52_692166_0380000_allchannels_test.wav,0
5.992,6.068,Unknown,Unknown,Unknown,BP_2022-09-17_08-12-52_692166_0380000_allchannels_test.wav,0
7.996,8.087,Unknown,Unknown,Unknown,BP_2022-09-17_08-12-52_692166_0380000_allchannels_test.wav,0
11.595,11.689,Unknown,Unknown,Unknown,BP_2022-09-17_08-12-52_692166_0380000_allchannels_test.wav,0
12.625,12.709,Unknown,Unknown,Unknown,BP_2022-09-17_08-12-52_692166_0380000_allchannels_test.wav,0
17.489,17.58,Unknown,Unknown,Unknown,BP_2022-09-17_08-12-52_692166_0380000_allchannels_test.wav,0
19.515,19.608,Unknown,Unknown,Unknown,BP_2022-09-17_08-12-52_692166_0380000_allchannels_test.wav,0
21.859,21.953,Unknown,Unknown,Unknown,BP_2022-09-17_08-12-52_692166_0380000_allchannels_test.wav,0
34.093,34.175,Unknown,Unknown,Unknown,BP_2022-09-17_08-12-52_692166_0380000_allchannels_test.wav,0
35.249,35.355,Unknown,Unknown,Unknown,BP_2022-09-17_08-12-52_692166_0380000_allchannels_test.wav,0
36.017,36.107,Unknown,Unknown,Unknown,BP_2022-09-17_08-12-52_692166_0380000_allchannels_test.wav,0
38.749,38.828,Unknown,Unknown,Unknown,BP_2022-09-17_08-12-52_692166_0380000_allchannels_test.wav,0
40.795,40.877,Unknown,Unknown,Unknown,BP_2022-09-17_08-12-52_692166_0380000_allchannels_test.wav,0
44.219,44.311,Unknown,Unknown,Unknown,BP_2022-09-17_08-12-52_692166_0380000_allchannels_test.wav,0
48.399,48.485,Unknown,Unknown,Unknown,BP_2022-09-17_08-12-52_692166_0380000_allchannels_test.wav,0
49.767,49.859,Unknown,Unknown,Unknown,BP_2022-09-17_08-12-52_692166_0380000_allchannels_test.wav,0
52.264,52.352,Unknown,Unknown,Unknown,BP_2022-09-17_08-12-52_692166_0380000_allchannels_test.wav,0
59.081,59.181,Unknown,Unknown,Unknown,BP_2022-09-17_08-12-52_692166_0380000_allchannels_test.wav,0
60.287,60.385,Unknown,Unknown,Unknown,BP_2022-09-17_08-12-52_692166_0380000_allchannels_test.wav,0
61.052,61.14,Unknown,Unknown,Unknown,BP_2022-09-17_08-12-52_692166_0380000_allchannels_test.wav,0
62.793,62.885,Unknown,Unknown,Unknown,BP_2022-09-17_08-12-52_692166_0380000_allchannels_test.wav,0
63.72,63.804,Unknown,Unknown,Unknown,BP_2022-09-17_08-12-52_692166_0380000_allchannels_test.wav,0
63.872,63.955,Unknown,Unknown,Unknown,BP_2022-09-17_08-12-52_692166_0380000_allchannels_test.wav,0
67.317,67.399,Unknown,Unknown,Unknown,BP_2022-09-17_08-12-52_692166_0380000_allchannels_test.wav,0
68.386,68.468,Unknown,Unknown,Unknown,BP_2022-09-17_08-12-52_692166_0380000_allchannels_test.wav,0
68.54,68.628,Unknown,Unknown,Unknown,BP_2022-09-17_08-12-52_692166_0380000_allchannels_test.wav,0
69.0,69.088,Unknown,Unknown,Unknown,BP_2022-09-17_08-12-52_692166_0380000_allchannels_test.wav,0
70.288,70.371,Unknown,Unknown,Unknown,BP_2022-09-17_08-12-52_692166_0380000_allchannels_test.wav,0
70.432,70.517,Unknown,Unknown,Unknown,BP_2022-09-17_08-12-52_692166_0380000_allchannels_test.wav,0
71.963,72.053,Unknown,Unknown,Unknown,BP_2022-09-17_08-12-52_692166_0380000_allchannels_test.wav,0
72.135,72.227,Unknown,Unknown,Unknown,BP_2022-09-17_08-12-52_692166_0380000_allchannels_test.wav,0
72.807,72.915,Unknown,Unknown,Unknown,BP_2022-09-17_08-12-52_692166_0380000_allchannels_test.wav,0
72.96,73.048,Unknown,Unknown,Unknown,BP_2022-09-17_08-12-52_692166_0380000_allchannels_test.wav,0
73.167,73.275,Unknown,Unknown,Unknown,BP_2022-09-17_08-12-52_692166_0380000_allchannels_test.wav,0
73.337,73.427,Unknown,Unknown,Unknown,BP_2022-09-17_08-12-52_692166_0380000_allchannels_test.wav,0
73.508,73.596,Unknown,Unknown,Unknown,BP_2022-09-17_08-12-52_692166_0380000_allchannels_test.wav,0
74.539,74.633,Unknown,Unknown,Unknown,BP_2022-09-17_08-12-52_692166_0380000_allchannels_test.wav,0
75.737,75.833,Unknown,Unknown,Unknown,BP_2022-09-17_08-12-52_692166_0380000_allchannels_test.wav,0
75.889,75.985,Unknown,Unknown,Unknown,BP_2022-09-17_08-12-52_692166_0380000_allchannels_test.wav,0
77.395,77.471,Unknown,Unknown,Unknown,BP_2022-09-17_08-12-52_692166_0380000_allchannels_test.wav,0
78.993,79.085,Unknown,Unknown,Unknown,BP_2022-09-17_08-12-52_692166_0380000_allchannels_test.wav,0
81.865,81.96,Unknown,Unknown,Unknown,BP_2022-09-17_08-12-52_692166_0380000_allchannels_test.wav,0
82.053,82.143,Unknown,Unknown,Unknown,BP_2022-09-17_08-12-52_692166_0380000_allchannels_test.wav,0
83.757,83.837,Unknown,Unknown,Unknown,BP_2022-09-17_08-12-52_692166_0380000_allchannels_test.wav,0
85.461,85.544,Unknown,Unknown,Unknown,BP_2022-09-17_08-12-52_692166_0380000_allchannels_test.wav,0
86.269,86.351,Unknown,Unknown,Unknown,BP_2022-09-17_08-12-52_692166_0380000_allchannels_test.wav,0
87.045,87.135,Unknown,Unknown,Unknown,BP_2022-09-17_08-12-52_692166_0380000_allchannels_test.wav,0
88.343,88.428,Unknown,Unknown,Unknown,BP_2022-09-17_08-12-52_692166_0380000_allchannels_test.wav,0
88.484,88.573,Unknown,Unknown,Unknown,BP_2022-09-17_08-12-52_692166_0380000_allchannels_test.wav,0
89.853,89.943,Unknown,Unknown,Unknown,BP_2022-09-17_08-12-52_692166_0380000_allchannels_test.wav,0
90.984,91.071,Unknown,Unknown,Unknown,BP_2022-09-17_08-12-52_692166_0380000_allchannels_test.wav,0
91.12,91.207,Unknown,Unknown,Unknown,BP_2022-09-17_08-12-52_692166_0380000_allchannels_test.wav,0
93.305,93.395,Unknown,Unknown,Unknown,BP_2022-09-17_08-12-52_692166_0380000_allchannels_test.wav,0
94.808,94.904,Unknown,Unknown,Unknown,BP_2022-09-17_08-12-52_692166_0380000_allchannels_test.wav,0
94.955,95.043,Unknown,Unknown,Unknown,BP_2022-09-17_08-12-52_692166_0380000_allchannels_test.wav,0
96.455,96.54,Unknown,Unknown,Unknown,BP_2022-09-17_08-12-52_692166_0380000_allchannels_test.wav,0
97.999,98.084,Unknown,Unknown,Unknown,BP_2022-09-17_08-12-52_692166_0380000_allchannels_test.wav,0
100.985,101.084,Unknown,Unknown,Unknown,BP_2022-09-17_08-12-52_692166_0380000_allchannels_test.wav,0
101.725,101.812,Unknown,Unknown,Unknown,BP_2022-09-17_08-12-52_692166_0380000_allchannels_test.wav,0
102.885,102.972,Unknown,Unknown,Unknown,BP_2022-09-17_08-12-52_692166_0380000_allchannels_test.wav,0
102.996,103.101,Unknown,Unknown,Unknown,BP_2022-09-17_08-12-52_692166_0380000_allchannels_test.wav,0
107.471,107.548,Unknown,Unknown,Unknown,BP_2022-09-17_08-12-52_692166_0380000_allchannels_test.wav,0
108.215,108.309,Unknown,Unknown,Unknown,BP_2022-09-17_08-12-52_692166_0380000_allchannels_test.wav,0
110.247,110.328,Unknown,Unknown,Unknown,BP_2022-09-17_08-12-52_692166_0380000_allchannels_test.wav,0
111.461,111.543,Unknown,Unknown,Unknown,BP_2022-09-17_08-12-52_692166_0380000_allchannels_test.wav,0
114.347,114.436,Unknown,Unknown,Unknown,BP_2022-09-17_08-12-52_692166_0380000_allchannels_test.wav,0
115.143,115.223,Unknown,Unknown,Unknown,BP_2022-09-17_08-12-52_692166_0380000_allchannels_test.wav,0
115.284,115.371,Unknown,Unknown,Unknown,BP_2022-09-17_08-12-52_692166_0380000_allchannels_test.wav,0
116.565,116.66,Unknown,Unknown,Unknown,BP_2022-09-17_08-12-52_692166_0380000_allchannels_test.wav,0
116.711,116.803,Unknown,Unknown,Unknown,BP_2022-09-17_08-12-52_692166_0380000_allchannels_test.wav,0
117.796,117.889,Unknown,Unknown,Unknown,BP_2022-09-17_08-12-52_692166_0380000_allchannels_test.wav,0
118.929,119.023,Unknown,Unknown,Unknown,BP_2022-09-17_08-12-52_692166_0380000_allchannels_test.wav,0
119.475,119.551,Unknown,Unknown,Unknown,BP_2022-09-17_08-12-52_692166_0380000_allchannels_test.wav,0
120.72,120.816,Unknown,Unknown,Unknown,BP_2022-09-17_08-12-52_692166_0380000_allchannels_test.wav,0
123.65,123.712,Unknown,Unknown,Unknown,BP_2022-09-17_08-12-52_692166_0380000_allchannels_test.wav,0
123.872,123.954,Unknown,Unknown,Unknown,BP_2022-09-17_08-12-52_692166_0380000_allchannels_test.wav,0
123.999,124.08,Unknown,Unknown,Unknown,BP_2022-09-17_08-12-52_692166_0380000_allchannels_test.wav,0
126.617,126.716,Unknown,Unknown,Unknown,BP_2022-09-17_08-12-52_692166_0380000_allchannels_test.wav,0
128.113,128.205,Unknown,Unknown,Unknown,BP_2022-09-17_08-12-52_692166_0380000_allchannels_test.wav,0
128.261,128.352,Unknown,Unknown,Unknown,BP_2022-09-17_08-12-52_692166_0380000_allchannels_test.wav,0
130.573,130.663,Unknown,Unknown,Unknown,BP_2022-09-17_08-12-52_692166_0380000_allchannels_test.wav,0
130.716,130.805,Unknown,Unknown,Unknown,BP_2022-09-17_08-12-52_692166_0380000_allchannels_test.wav,0
132.525,132.597,Unknown,Unknown,Unknown,BP_2022-09-17_08-12-52_692166_0380000_allchannels_test.wav,0
133.94,134.024,Unknown,Unknown,Unknown,BP_2022-09-17_08-12-52_692166_0380000_allchannels_test.wav,0
134.072,134.16,Unknown,Unknown,Unknown,BP_2022-09-17_08-12-52_692166_0380000_allchannels_test.wav,0
136.115,136.208,Unknown,Unknown,Unknown,BP_2022-09-17_08-12-52_692166_0380000_allchannels_test.wav,0
136.257,136.343,Unknown,Unknown,Unknown,BP_2022-09-17_08-12-52_692166_0380000_allchannels_test.wav,0
140.417,140.512,Unknown,Unknown,Unknown,BP_2022-09-17_08-12-52_692166_0380000_allchannels_test.wav,0
147.225,147.325,Unknown,Unknown,Unknown,BP_2022-09-17_08-12-52_692166_0380000_allchannels_test.wav,0
148.98,149.079,Unknown,Unknown,Unknown,BP_2022-09-17_08-12-52_692166_0380000_allchannels_test.wav,0
150.385,150.477,Unknown,Unknown,Unknown,BP_2022-09-17_08-12-52_692166_0380000_allchannels_test.wav,0
152.307,152.419,Unknown,Unknown,Unknown,BP_2022-09-17_08-12-52_692166_0380000_allchannels_test.wav,0
153.005,153.089,Unknown,Unknown,Unknown,BP_2022-09-17_08-12-52_692166_0380000_allchannels_test.wav,0
153.137,153.223,Unknown,Unknown,Unknown,BP_2022-09-17_08-12-52_692166_0380000_allchannels_test.wav,0
153.287,153.371,Unknown,Unknown,Unknown,BP_2022-09-17_08-12-52_692166_0380000_allchannels_test.wav,0
154.457,154.545,Unknown,Unknown,Unknown,BP_2022-09-17_08-12-52_692166_0380000_allchannels_test.wav,0
158.424,158.511,Unknown,Unknown,Unknown,BP_2022-09-17_08-12-52_692166_0380000_allchannels_test.wav,0
159.391,159.465,Unknown,Unknown,Unknown,BP_2022-09-17_08-12-52_692166_0380000_allchannels_test.wav,0
159.527,159.619,Unknown,Unknown,Unknown,BP_2022-09-17_08-12-52_692166_0380000_allchannels_test.wav,0
161.615,161.683,Unknown,Unknown,Unknown,BP_2022-09-17_08-12-52_692166_0380000_allchannels_test.wav,0
162.789,162.867,Unknown,Unknown,Unknown,BP_2022-09-17_08-12-52_692166_0380000_allchannels_test.wav,0
162.933,163.012,Unknown,Unknown,Unknown,BP_2022-09-17_08-12-52_692166_0380000_allchannels_test.wav,0
164.193,164.275,Unknown,Unknown,Unknown,BP_2022-09-17_08-12-52_692166_0380000_allchannels_test.wav,0
165.757,165.832,Unknown,Unknown,Unknown,BP_2022-09-17_08-12-52_692166_0380000_allchannels_test.wav,0
166.6,166.668,Unknown,Unknown,Unknown,BP_2022-09-17_08-12-52_692166_0380000_allchannels_test.wav,0
166.732,166.812,Unknown,Unknown,Unknown,BP_2022-09-17_08-12-52_692166_0380000_allchannels_test.wav,0
169.817,169.905,Unknown,Unknown,Unknown,BP_2022-09-17_08-12-52_692166_0380000_allchannels_test.wav,0
171.724,171.807,Unknown,Unknown,Unknown,BP_2022-09-17_08-12-52_692166_0380000_allchannels_test.wav,0
172.367,172.46,Unknown,Unknown,Unknown,BP_2022-09-17_08-12-52_692166_0380000_allchannels_test.wav,0
172.843,172.927,Unknown,Unknown,Unknown,BP_2022-09-17_08-12-52_692166_0380000_allchannels_test.wav,0
175.113,175.187,Unknown,Unknown,Unknown,BP_2022-09-17_08-12-52_692166_0380000_allchannels_test.wav,0
177.6,177.687,Unknown,Unknown,Unknown,BP_2022-09-17_08-12-52_692166_0380000_allchannels_test.wav,0
180.897,180.985,Unknown,Unknown,Unknown,BP_2022-09-17_08-12-52_692166_0380000_allchannels_test.wav,0
181.045,181.125,Unknown,Unknown,Unknown,BP_2022-09-17_08-12-52_692166_0380000_allchannels_test.wav,0
189.364,189.448,Unknown,Unknown,Unknown,BP_2022-09-17_08-12-52_692166_0380000_allchannels_test.wav,0
191.365,191.463,Unknown,Unknown,Unknown,BP_2022-09-17_08-12-52_692166_0380000_allchannels_test.wav,0
194.601,194.675,Unknown,Unknown,Unknown,BP_2022-09-17_08-12-52_692166_0380000_allchannels_test.wav,0
195.771,195.851,Unknown,Unknown,Unknown,BP_2022-09-17_08-12-52_692166_0380000_allchannels_test.wav,0
197.901,197.981,Unknown,Unknown,Unknown,BP_2022-09-17_08-12-52_692166_0380000_allchannels_test.wav,0
198.061,198.145,Unknown,Unknown,Unknown,BP_2022-09-17_08-12-52_692166_0380000_allchannels_test.wav,0
198.999,199.073,Unknown,Unknown,Unknown,BP_2022-09-17_08-12-52_692166_0380000_allchannels_test.wav,0
199.852,199.924,Unknown,Unknown,Unknown,BP_2022-09-17_08-12-52_692166_0380000_allchannels_test.wav,0
200.757,200.843,Unknown,Unknown,Unknown,BP_2022-09-17_08-12-52_692166_0380000_allchannels_test.wav,0
203.057,203.143,Unknown,Unknown,Unknown,BP_2022-09-17_08-12-52_692166_0380000_allchannels_test.wav,0
204.056,204.149,Unknown,Unknown,Unknown,BP_2022-09-17_08-12-52_692166_0380000_allchannels_test.wav,0
204.195,204.28,Unknown,Unknown,Unknown,BP_2022-09-17_08-12-52_692166_0380000_allchannels_test.wav,0
205.729,205.817,Unknown,Unknown,Unknown,BP_2022-09-17_08-12-52_692166_0380000_allchannels_test.wav,0
205.873,205.965,Unknown,Unknown,Unknown,BP_2022-09-17_08-12-52_692166_0380000_allchannels_test.wav,0
208.7,208.789,Unknown,Unknown,Unknown,BP_2022-09-17_08-12-52_692166_0380000_allchannels_test.wav,0
208.845,208.929,Unknown,Unknown,Unknown,BP_2022-09-17_08-12-52_692166_0380000_allchannels_test.wav,0
210.796,210.888,Unknown,Unknown,Unknown,BP_2022-09-17_08-12-52_692166_0380000_allchannels_test.wav,0
210.9,211.008,Unknown,Unknown,Unknown,BP_2022-09-17_08-12-52_692166_0380000_allchannels_test.wav,0
213.012,213.113,Unknown,Unknown,Unknown,BP_2022-09-17_08-12-52_692166_0380000_allchannels_test.wav,0
213.168,213.257,Unknown,Unknown,Unknown,BP_2022-09-17_08-12-52_692166_0380000_allchannels_test.wav,0
214.899,214.987,Unknown,Unknown,Unknown,BP_2022-09-17_08-12-52_692166_0380000_allchannels_test.wav,0
214.999,215.103,Unknown,Unknown,Unknown,BP_2022-09-17_08-12-52_692166_0380000_allchannels_test.wav,0
217.003,217.205,Unknown,Unknown,Unknown,BP_2022-09-17_08-12-52_692166_0380000_allchannels_test.wav,0
218.491,218.696,Unknown,Unknown,Unknown,BP_2022-09-17_08-12-52_692166_0380000_allchannels_test.wav,0
220.184,220.28,Unknown,Unknown,Unknown,BP_2022-09-17_08-12-52_692166_0380000_allchannels_test.wav,0
220.32,220.409,Unknown,Unknown,Unknown,BP_2022-09-17_08-12-52_692166_0380000_allchannels_test.wav,0
223.003,223.084,Unknown,Unknown,Unknown,BP_2022-09-17_08-12-52_692166_0380000_allchannels_test.wav,0
225.524,225.597,Unknown,Unknown,Unknown,BP_2022-09-17_08-12-52_692166_0380000_allchannels_test.wav,0
227.397,227.483,Unknown,Unknown,Unknown,BP_2022-09-17_08-12-52_692166_0380000_allchannels_test.wav,0
229.911,229.985,Unknown,Unknown,Unknown,BP_2022-09-17_08-12-52_692166_0380000_allchannels_test.wav,0
233.065,233.165,Unknown,Unknown,Unknown,BP_2022-09-17_08-12-52_692166_0380000_allchannels_test.wav,0
234.501,234.58,Unknown,Unknown,Unknown,BP_2022-09-17_08-12-52_692166_0380000_allchannels_test.wav,0
234.643,234.727,Unknown,Unknown,Unknown,BP_2022-09-17_08-12-52_692166_0380000_allchannels_test.wav,0
238.211,238.289,Unknown,Unknown,Unknown,BP_2022-09-17_08-12-52_692166_0380000_allchannels_test.wav,0
238.352,238.439,Unknown,Unknown,Unknown,BP_2022-09-17_08-12-52_692166_0380000_allchannels_test.wav,0
65.752,65.827,Unknown,Unknown,Unknown,BP_2022-09-17_08-12-52_692166_0380000_allchannels_test.wav,1
120.519,120.635,Unknown,Unknown,Unknown,BP_2022-09-17_08-12-52_692166_0380000_allchannels_test.wav,1
139.485,139.597,Unknown,Unknown,Unknown,BP_2022-09-17_08-12-52_692166_0380000_allchannels_test.wav,1
140.979,141.124,Unknown,Unknown,Unknown,BP_2022-09-17_08-12-52_692166_0380000_allchannels_test.wav,1
141.825,141.976,Unknown,Unknown,Unknown,BP_2022-09-17_08-12-52_692166_0380000_allchannels_test.wav,1
143.981,144.14,Unknown,Unknown,Unknown,BP_2022-09-17_08-12-52_692166_0380000_allchannels_test.wav,1
149.907,150.053,Unknown,Unknown,Unknown,BP_2022-09-17_08-12-52_692166_0380000_allchannels_test.wav,1
150.821,150.961,Unknown,Unknown,Unknown,BP_2022-09-17_08-12-52_692166_0380000_allchannels_test.wav,1
152.805,152.944,Unknown,Unknown,Unknown,BP_2022-09-17_08-12-52_692166_0380000_allchannels_test.wav,1
154.184,154.352,Unknown,Unknown,Unknown,BP_2022-09-17_08-12-52_692166_0380000_allchannels_test.wav,1
191.463,191.567,Unknown,Unknown,Unknown,BP_2022-09-17_08-12-52_692166_0380000_allchannels_test.wav,1
195.711,195.815,Unknown,Unknown,Unknown,BP_2022-09-17_08-12-52_692166_0380000_allchannels_test.wav,1
230.417,230.497,Unknown,Unknown,Unknown,BP_2022-09-17_08-12-52_692166_0380000_allchannels_test.wav,1
0.139,0.229,Unknown,Unknown,Unknown,BP_2022-09-17_08-12-52_692166_0380000_allchannels_test.wav,2
0.272,0.336,Unknown,Unknown,Unknown,BP_2022-09-17_08-12-52_692166_0380000_allchannels_test.wav,2
0.38,0.461,Unknown,Unknown,Unknown,BP_2022-09-17_08-12-52_692166_0380000_allchannels_test.wav,2
0.535,0.613,Unknown,Unknown,Unknown,BP_2022-09-17_08-12-52_692166_0380000_allchannels_test.wav,2
0.735,0.796,Unknown,Unknown,Unknown,BP_2022-09-17_08-12-52_692166_0380000_allchannels_test.wav,2
0.895,0.969,Unknown,Unknown,Unknown,BP_2022-09-17_08-12-52_692166_0380000_allchannels_test.wav,2
1.644,1.687,Unknown,Unknown,Unknown,BP_2022-09-17_08-12-52_692166_0380000_allchannels_test.wav,2
2.171,2.216,Unknown,Unknown,Unknown,BP_2022-09-17_08-12-52_692166_0380000_allchannels_test.wav,2
3.092,3.211,Unknown,Unknown,Unknown,BP_2022-09-17_08-12-52_692166_0380000_allchannels_test.wav,2
5.592,5.735,Unknown,Unknown,Unknown,BP_2022-09-17_08-12-52_692166_0380000_allchannels_test.wav,2
6.391,6.503,Unknown,Unknown,Unknown,BP_2022-09-17_08-12-52_692166_0380000_allchannels_test.wav,2
9.717,9.824,Unknown,Unknown,Unknown,BP_2022-09-17_08-12-52_692166_0380000_allchannels_test.wav,2
12.499,12.607,Unknown,Unknown,Unknown,BP_2022-09-17_08-12-52_692166_0380000_allchannels_test.wav,2
13.669,13.801,Unknown,Unknown,Unknown,BP_2022-09-17_08-12-52_692166_0380000_allchannels_test.wav,2
15.097,15.232,Unknown,Unknown,Unknown,BP_2022-09-17_08-12-52_692166_0380000_allchannels_test.wav,2
16.317,16.423,Unknown,Unknown,Unknown,BP_2022-09-17_08-12-52_692166_0380000_allchannels_test.wav,2
16.483,16.593,Unknown,Unknown,Unknown,BP_2022-09-17_08-12-52_692166_0380000_allchannels_test.wav,2
21.192,21.293,Unknown,Unknown,Unknown,BP_2022-09-17_08-12-52_692166_0380000_allchannels_test.wav,2
25.151,25.283,Unknown,Unknown,Unknown,BP_2022-09-17_08-12-52_692166_0380000_allchannels_test.wav,2
27.665,27.769,Unknown,Unknown,Unknown,BP_2022-09-17_08-12-52_692166_0380000_allchannels_test.wav,2
28.897,29.011,Unknown,Unknown,Unknown,BP_2022-09-17_08-12-52_692166_0380000_allchannels_test.wav,2
32.349,32.48,Unknown,Unknown,Unknown,BP_2022-09-17_08-12-52_692166_0380000_allchannels_test.wav,2
35.723,35.859,Unknown,Unknown,Unknown,BP_2022-09-17_08-12-52_692166_0380000_allchannels_test.wav,2
38.853,38.916,Unknown,Unknown,Unknown,BP_2022-09-17_08-12-52_692166_0380000_allchannels_test.wav,2
39.965,40.091,Unknown,Unknown,Unknown,BP_2022-09-17_08-12-52_692166_0380000_allchannels_test.wav,2
41.66,41.796,Unknown,Unknown,Unknown,BP_2022-09-17_08-12-52_692166_0380000_allchannels_test.wav,2
43.185,43.32,Unknown,Unknown,Unknown,BP_2022-09-17_08-12-52_692166_0380000_allchannels_test.wav,2
45.797,45.923,Unknown,Unknown,Unknown,BP_2022-09-17_08-12-52_692166_0380000_allchannels_test.wav,2
48.448,48.556,Unknown,Unknown,Unknown,BP_2022-09-17_08-12-52_692166_0380000_allchannels_test.wav,2
49.916,50.027,Unknown,Unknown,Unknown,BP_2022-09-17_08-12-52_692166_0380000_allchannels_test.wav,2
58.216,58.275,Unknown,Unknown,Unknown,BP_2022-09-17_08-12-52_692166_0380000_allchannels_test.wav,2
58.601,58.635,Unknown,Unknown,Unknown,BP_2022-09-17_08-12-52_692166_0380000_allchannels_test.wav,2
58.935,58.997,Unknown,Unknown,Unknown,BP_2022-09-17_08-12-52_692166_0380000_allchannels_test.wav,2
59.475,59.545,Unknown,Unknown,Unknown,BP_2022-09-17_08-12-52_692166_0380000_allchannels_test.wav,2
59.813,59.873,Unknown,Unknown,Unknown,BP_2022-09-17_08-12-52_692166_0380000_allchannels_test.wav,2
60.084,60.131,Unknown,Unknown,Unknown,BP_2022-09-17_08-12-52_692166_0380000_allchannels_test.wav,2
60.893,60.952,Unknown,Unknown,Unknown,BP_2022-09-17_08-12-52_692166_0380000_allchannels_test.wav,2
61.883,61.985,Unknown,Unknown,Unknown,BP_2022-09-17_08-12-52_692166_0380000_allchannels_test.wav,2
62.993,63.092,Unknown,Unknown,Unknown,BP_2022-09-17_08-12-52_692166_0380000_allchannels_test.wav,2
63.165,63.271,Unknown,Unknown,Unknown,BP_2022-09-17_08-12-52_692166_0380000_allchannels_test.wav,2
65.719,65.819,Unknown,Unknown,Unknown,BP_2022-09-17_08-12-52_692166_0380000_allchannels_test.wav,2
65.883,65.997,Unknown,Unknown,Unknown,BP_2022-09-17_08-12-52_692166_0380000_allchannels_test.wav,2
68.003,68.108,Unknown,Unknown,Unknown,BP_2022-09-17_08-12-52_692166_0380000_allchannels_test.wav,2
71.445,71.555,Unknown,Unknown,Unknown,BP_2022-09-17_08-12-52_692166_0380000_allchannels_test.wav,2
71.609,71.716,Unknown,Unknown,Unknown,BP_2022-09-17_08-12-52_692166_0380000_allchannels_test.wav,2
77.431,77.539,Unknown,Unknown,Unknown,BP_2022-09-17_08-12-52_692166_0380000_allchannels_test.wav,2
82.495,82.607,Unknown,Unknown,Unknown,BP_2022-09-17_08-12-52_692166_0380000_allchannels_test.wav,2
85.461,85.613,Unknown,Unknown,Unknown,BP_2022-09-17_08-12-52_692166_0380000_allchannels_test.wav,2
86.732,86.801,Unknown,Unknown,Unknown,BP_2022-09-17_08-12-52_692166_0380000_allchannels_test.wav,2
88.007,88.073,Unknown,Unknown,Unknown,BP_2022-09-17_08-12-52_692166_0380000_allchannels_test.wav,2
92.243,92.304,Unknown,Unknown,Unknown,BP_2022-09-17_08-12-52_692166_0380000_allchannels_test.wav,2
95.24,95.335,Unknown,Unknown,Unknown,BP_2022-09-17_08-12-52_692166_0380000_allchannels_test.wav,2
95.385,95.488,Unknown,Unknown,Unknown,BP_2022-09-17_08-12-52_692166_0380000_allchannels_test.wav,2
102.984,103.059,Unknown,Unknown,Unknown,BP_2022-09-17_08-12-52_692166_0380000_allchannels_test.wav,2
105.368,105.477,Unknown,Unknown,Unknown,BP_2022-09-17_08-12-52_692166_0380000_allchannels_test.wav,2
105.517,105.635,Unknown,Unknown,Unknown,BP_2022-09-17_08-12-52_692166_0380000_allchannels_test.wav,2
106.372,106.491,Unknown,Unknown,Unknown,BP_2022-09-17_08-12-52_692166_0380000_allchannels_test.wav,2
106.723,106.829,Unknown,Unknown,Unknown,BP_2022-09-17_08-12-52_692166_0380000_allchannels_test.wav,2
106.881,106.989,Unknown,Unknown,Unknown,BP_2022-09-17_08-12-52_692166_0380000_allchannels_test.wav,2
107.051,107.165,Unknown,Unknown,Unknown,BP_2022-09-17_08-12-52_692166_0380000_allchannels_test.wav,2
109.249,109.359,Unknown,Unknown,Unknown,BP_2022-09-17_08-12-52_692166_0380000_allchannels_test.wav,2
109.411,109.52,Unknown,Unknown,Unknown,BP_2022-09-17_08-12-52_692166_0380000_allchannels_test.wav,2
110.788,110.901,Unknown,Unknown,Unknown,BP_2022-09-17_08-12-52_692166_0380000_allchannels_test.wav,2
110.944,111.057,Unknown,Unknown,Unknown,BP_2022-09-17_08-12-52_692166_0380000_allchannels_test.wav,2
111.548,111.654,Unknown,Unknown,Unknown,BP_2022-09-17_08-12-52_692166_0380000_allchannels_test.wav,2
112.919,113.019,Unknown,Unknown,Unknown,BP_2022-09-17_08-12-52_692166_0380000_allchannels_test.wav,2
113.072,113.173,Unknown,Unknown,Unknown,BP_2022-09-17_08-12-52_692166_0380000_allchannels_test.wav,2
114.168,114.277,Unknown,Unknown,Unknown,BP_2022-09-17_08-12-52_692166_0380000_allchannels_test.wav,2
115.092,115.203,Unknown,Unknown,Unknown,BP_2022-09-17_08-12-52_692166_0380000_allchannels_test.wav,2
116.469,116.579,Unknown,Unknown,Unknown,BP_2022-09-17_08-12-52_692166_0380000_allchannels_test.wav,2
116.643,116.76,Unknown,Unknown,Unknown,BP_2022-09-17_08-12-52_692166_0380000_allchannels_test.wav,2
123.906,124.012,Unknown,Unknown,Unknown,BP_2022-09-17_08-12-52_692166_0380000_allchannels_test.wav,2
124.056,124.17,Unknown,Unknown,Unknown,BP_2022-09-17_08-12-52_692166_0380000_allchannels_test.wav,2
127.488,127.6,Unknown,Unknown,Unknown,BP_2022-09-17_08-12-52_692166_0380000_allchannels_test.wav,2
131.627,131.769,Unknown,Unknown,Unknown,BP_2022-09-17_08-12-52_692166_0380000_allchannels_test.wav,2
133.828,133.928,Unknown,Unknown,Unknown,BP_2022-09-17_08-12-52_692166_0380000_allchannels_test.wav,2
133.984,134.084,Unknown,Unknown,Unknown,BP_2022-09-17_08-12-52_692166_0380000_allchannels_test.wav,2
143.096,143.2,Unknown,Unknown,Unknown,BP_2022-09-17_08-12-52_692166_0380000_allchannels_test.wav,2
143.248,143.355,Unknown,Unknown,Unknown,BP_2022-09-17_08-12-52_692166_0380000_allchannels_test.wav,2
144.265,144.385,Unknown,Unknown,Unknown,BP_2022-09-17_08-12-52_692166_0380000_allchannels_test.wav,2
146.434,146.556,Unknown,Unknown,Unknown,BP_2022-09-17_08-12-52_692166_0380000_allchannels_test.wav,2
146.765,146.833,Unknown,Unknown,Unknown,BP_2022-09-17_08-12-52_692166_0380000_allchannels_test.wav,2
147.009,147.088,Unknown,Unknown,Unknown,BP_2022-09-17_08-12-52_692166_0380000_allchannels_test.wav,2
147.275,147.336,Unknown,Unknown,Unknown,BP_2022-09-17_08-12-52_692166_0380000_allchannels_test.wav,2
147.464,147.544,Unknown,Unknown,Unknown,BP_2022-09-17_08-12-52_692166_0380000_allchannels_test.wav,2
148.087,148.152,Unknown,Unknown,Unknown,BP_2022-09-17_08-12-52_692166_0380000_allchannels_test.wav,2
149.137,149.243,Unknown,Unknown,Unknown,BP_2022-09-17_08-12-52_692166_0380000_allchannels_test.wav,2
149.289,149.399,Unknown,Unknown,Unknown,BP_2022-09-17_08-12-52_692166_0380000_allchannels_test.wav,2
150.423,150.525,Unknown,Unknown,Unknown,BP_2022-09-17_08-12-52_692166_0380000_allchannels_test.wav,2
151.349,151.453,Unknown,Unknown,Unknown,BP_2022-09-17_08-12-52_692166_0380000_allchannels_test.wav,2
151.508,151.611,Unknown,Unknown,Unknown,BP_2022-09-17_08-12-52_692166_0380000_allchannels_test.wav,2
151.851,151.977,Unknown,Unknown,Unknown,BP_2022-09-17_08-12-52_692166_0380000_allchannels_test.wav,2
152.931,153.041,Unknown,Unknown,Unknown,BP_2022-09-17_08-12-52_692166_0380000_allchannels_test.wav,2
154.476,154.585,Unknown,Unknown,Unknown,BP_2022-09-17_08-12-52_692166_0380000_allchannels_test.wav,2
154.643,154.751,Unknown,Unknown,Unknown,BP_2022-09-17_08-12-52_692166_0380000_allchannels_test.wav,2
159.009,159.143,Unknown,Unknown,Unknown,BP_2022-09-17_08-12-52_692166_0380000_allchannels_test.wav,2
160.62,160.76,Unknown,Unknown,Unknown,BP_2022-09-17_08-12-52_692166_0380000_allchannels_test.wav,2
161.432,161.476,Unknown,Unknown,Unknown,BP_2022-09-17_08-12-52_692166_0380000_allchannels_test.wav,2
161.545,161.613,Unknown,Unknown,Unknown,BP_2022-09-17_08-12-52_692166_0380000_allchannels_test.wav,2
161.767,161.832,Unknown,Unknown,Unknown,BP_2022-09-17_08-12-52_692166_0380000_allchannels_test.wav,2
162.739,162.843,Unknown,Unknown,Unknown,BP_2022-09-17_08-12-52_692166_0380000_allchannels_test.wav,2
163.891,164.015,Unknown,Unknown,Unknown,BP_2022-09-17_08-12-52_692166_0380000_allchannels_test.wav,2
165.612,165.72,Unknown,Unknown,Unknown,BP_2022-09-17_08-12-52_692166_0380000_allchannels_test.wav,2
165.777,165.884,Unknown,Unknown,Unknown,BP_2022-09-17_08-12-52_692166_0380000_allchannels_test.wav,2
169.243,169.349,Unknown,Unknown,Unknown,BP_2022-09-17_08-12-52_692166_0380000_allchannels_test.wav,2
169.413,169.523,Unknown,Unknown,Unknown,BP_2022-09-17_08-12-52_692166_0380000_allchannels_test.wav,2
170.353,170.435,Unknown,Unknown,Unknown,BP_2022-09-17_08-12-52_692166_0380000_allchannels_test.wav,2
170.631,170.736,Unknown,Unknown,Unknown,BP_2022-09-17_08-12-52_692166_0380000_allchannels_test.wav,2
170.791,170.897,Unknown,Unknown,Unknown,BP_2022-09-17_08-12-52_692166_0380000_allchannels_test.wav,2
171.676,171.784,Unknown,Unknown,Unknown,BP_2022-09-17_08-12-52_692166_0380000_allchannels_test.wav,2
172.883,172.991,Unknown,Unknown,Unknown,BP_2022-09-17_08-12-52_692166_0380000_allchannels_test.wav,2
174.033,174.141,Unknown,Unknown,Unknown,BP_2022-09-17_08-12-52_692166_0380000_allchannels_test.wav,2
176.531,176.589,Unknown,Unknown,Unknown,BP_2022-09-17_08-12-52_692166_0380000_allchannels_test.wav,2
179.72,179.787,Unknown,Unknown,Unknown,BP_2022-09-17_08-12-52_692166_0380000_allchannels_test.wav,2
185.54,185.608,Unknown,Unknown,Unknown,BP_2022-09-17_08-12-52_692166_0380000_allchannels_test.wav,2
188.407,188.473,Unknown,Unknown,Unknown,BP_2022-09-17_08-12-52_692166_0380000_allchannels_test.wav,2
194.215,194.339,Unknown,Unknown,Unknown,BP_2022-09-17_08-12-52_692166_0380000_allchannels_test.wav,2
195.233,195.335,Unknown,Unknown,Unknown,BP_2022-09-17_08-12-52_692166_0380000_allchannels_test.wav,2
195.972,196.072,Unknown,Unknown,Unknown,BP_2022-09-17_08-12-52_692166_0380000_allchannels_test.wav,2
196.907,197.009,Unknown,Unknown,Unknown,BP_2022-09-17_08-12-52_692166_0380000_allchannels_test.wav,2
197.687,197.791,Unknown,Unknown,Unknown,BP_2022-09-17_08-12-52_692166_0380000_allchannels_test.wav,2
199.007,199.111,Unknown,Unknown,Unknown,BP_2022-09-17_08-12-52_692166_0380000_allchannels_test.wav,2
200.565,200.667,Unknown,Unknown,Unknown,BP_2022-09-17_08-12-52_692166_0380000_allchannels_test.wav,2
201.812,201.921,Unknown,Unknown,Unknown,BP_2022-09-17_08-12-52_692166_0380000_allchannels_test.wav,2
204.052,204.152,Unknown,Unknown,Unknown,BP_2022-09-17_08-12-52_692166_0380000_allchannels_test.wav,2
222.531,222.635,Unknown,Unknown,Unknown,BP_2022-09-17_08-12-52_692166_0380000_allchannels_test.wav,2
224.485,224.589,Unknown,Unknown,Unknown,BP_2022-09-17_08-12-52_692166_0380000_allchannels_test.wav,2
230.348,230.453,Unknown,Unknown,Unknown,BP_2022-09-17_08-12-52_692166_0380000_allchannels_test.wav,2
232.035,232.151,Unknown,Unknown,Unknown,BP_2022-09-17_08-12-52_692166_0380000_allchannels_test.wav,2
234.332,234.436,Unknown,Unknown,Unknown,BP_2022-09-17_08-12-52_692166_0380000_allchannels_test.wav,2
235.965,236.067,Unknown,Unknown,Unknown,BP_2022-09-17_08-12-52_692166_0380000_allchannels_test.wav,2
236.14,236.245,Unknown,Unknown,Unknown,BP_2022-09-17_08-12-52_692166_0380000_allchannels_test.wav,2
237.288,237.403,Unknown,Unknown,Unknown,BP_2022-09-17_08-12-52_692166_0380000_allchannels_test.wav,2
238.779,238.892,Unknown,Unknown,Unknown,BP_2022-09-17_08-12-52_692166_0380000_allchannels_test.wav,2
238.933,239.044,Unknown,Unknown,Unknown,BP_2022-09-17_08-12-52_692166_0380000_allchannels_test.wav,2
0.035,0.125,Unknown,Unknown,Unknown,BP_2022-09-17_08-12-52_692166_0380000_allchannels_test.wav,3
0.664,0.767,Unknown,Unknown,Unknown,BP_2022-09-17_08-12-52_692166_0380000_allchannels_test.wav,3
0.893,0.993,Unknown,Unknown,Unknown,BP_2022-09-17_08-12-52_692166_0380000_allchannels_test.wav,3
1.112,1.208,Unknown,Unknown,Unknown,BP_2022-09-17_08-12-52_692166_0380000_allchannels_test.wav,3
1.379,1.477,Unknown,Unknown,Unknown,BP_2022-09-17_08-12-52_692166_0380000_allchannels_test.wav,3
2.103,2.204,Unknown,Unknown,Unknown,BP_2022-09-17_08-12-52_692166_0380000_allchannels_test.wav,3
2.837,2.965,Unknown,Unknown,Unknown,BP_2022-09-17_08-12-52_692166_0380000_allchannels_test.wav,3
3.36,3.463,Unknown,Unknown,Unknown,BP_2022-09-17_08-12-52_692166_0380000_allchannels_test.wav,3
4.017,4.128,Unknown,Unknown,Unknown,BP_2022-09-17_08-12-52_692166_0380000_allchannels_test.wav,3
5.395,5.509,Unknown,Unknown,Unknown,BP_2022-09-17_08-12-52_692166_0380000_allchannels_test.wav,3
5.795,5.911,Unknown,Unknown,Unknown,BP_2022-09-17_08-12-52_692166_0380000_allchannels_test.wav,3
6.041,6.145,Unknown,Unknown,Unknown,BP_2022-09-17_08-12-52_692166_0380000_allchannels_test.wav,3
6.337,6.435,Unknown,Unknown,Unknown,BP_2022-09-17_08-12-52_692166_0380000_allchannels_test.wav,3
6.904,7.011,Unknown,Unknown,Unknown,BP_2022-09-17_08-12-52_692166_0380000_allchannels_test.wav,3
7.103,7.196,Unknown,Unknown,Unknown,BP_2022-09-17_08-12-52_692166_0380000_allchannels_test.wav,3
7.976,8.089,Unknown,Unknown,Unknown,BP_2022-09-17_08-12-52_692166_0380000_allchannels_test.wav,3
9.521,9.649,Unknown,Unknown,Unknown,BP_2022-09-17_08-12-52_692166_0380000_allchannels_test.wav,3
12.223,12.395,Unknown,Unknown,Unknown,BP_2022-09-17_08-12-52_692166_0380000_allchannels_test.wav,3
12.857,12.996,Unknown,Unknown,Unknown,BP_2022-09-17_08-12-52_692166_0380000_allchannels_test.wav,3
13.221,13.361,Unknown,Unknown,Unknown,BP_2022-09-17_08-12-52_692166_0380000_allchannels_test.wav,3
14.476,14.591,Unknown,Unknown,Unknown,BP_2022-09-17_08-12-52_692166_0380000_allchannels_test.wav,3
15.872,15.976,Unknown,Unknown,Unknown,BP_2022-09-17_08-12-52_692166_0380000_allchannels_test.wav,3
19.101,19.213,Unknown,Unknown,Unknown,BP_2022-09-17_08-12-52_692166_0380000_allchannels_test.wav,3
21.317,21.484,Unknown,Unknown,Unknown,BP_2022-09-17_08-12-52_692166_0380000_allchannels_test.wav,3
21.624,21.668,Unknown,Unknown,Unknown,BP_2022-09-17_08-12-52_692166_0380000_allchannels_test.wav,3
23.48,23.585,Unknown,Unknown,Unknown,BP_2022-09-17_08-12-52_692166_0380000_allchannels_test.wav,3
25.051,25.157,Unknown,Unknown,Unknown,BP_2022-09-17_08-12-52_692166_0380000_allchannels_test.wav,3
26.98,27.089,Unknown,Unknown,Unknown,BP_2022-09-17_08-12-52_692166_0380000_allchannels_test.wav,3
28.123,28.224,Unknown,Unknown,Unknown,BP_2022-09-17_08-12-52_692166_0380000_allchannels_test.wav,3
31.197,31.307,Unknown,Unknown,Unknown,BP_2022-09-17_08-12-52_692166_0380000_allchannels_test.wav,3
32.524,32.627,Unknown,Unknown,Unknown,BP_2022-09-17_08-12-52_692166_0380000_allchannels_test.wav,3
32.76,32.86,Unknown,Unknown,Unknown,BP_2022-09-17_08-12-52_692166_0380000_allchannels_test.wav,3
34.041,34.168,Unknown,Unknown,Unknown,BP_2022-09-17_08-12-52_692166_0380000_allchannels_test.wav,3
34.483,34.6,Unknown,Unknown,Unknown,BP_2022-09-17_08-12-52_692166_0380000_allchannels_test.wav,3
35.099,35.243,Unknown,Unknown,Unknown,BP_2022-09-17_08-12-52_692166_0380000_allchannels_test.wav,3
35.527,35.624,Unknown,Unknown,Unknown,BP_2022-09-17_08-12-52_692166_0380000_allchannels_test.wav,3
38.575,38.68,Unknown,Unknown,Unknown,BP_2022-09-17_08-12-52_692166_0380000_allchannels_test.wav,3
39.776,39.917,Unknown,Unknown,Unknown,BP_2022-09-17_08-12-52_692166_0380000_allchannels_test.wav,3
41.161,41.309,Unknown,Unknown,Unknown,BP_2022-09-17_08-12-52_692166_0380000_allchannels_test.wav,3
41.452,41.585,Unknown,Unknown,Unknown,BP_2022-09-17_08-12-52_692166_0380000_allchannels_test.wav,3
42.037,42.173,Unknown,Unknown,Unknown,BP_2022-09-17_08-12-52_692166_0380000_allchannels_test.wav,3
42.829,43.064,Unknown,Unknown,Unknown,BP_2022-09-17_08-12-52_692166_0380000_allchannels_test.wav,3
43.395,43.509,Unknown,Unknown,Unknown,BP_2022-09-17_08-12-52_692166_0380000_allchannels_test.wav,3
43.574,43.71,Unknown,Unknown,Unknown,BP_2022-09-17_08-12-52_692166_0380000_allchannels_test.wav,3
44.455,44.567,Unknown,Unknown,Unknown,BP_2022-09-17_08-12-52_692166_0380000_allchannels_test.wav,3
44.891,44.995,Unknown,Unknown,Unknown,BP_2022-09-17_08-12-52_692166_0380000_allchannels_test.wav,3
45.479,45.585,Unknown,Unknown,Unknown,BP_2022-09-17_08-12-52_692166_0380000_allchannels_test.wav,3
47.651,47.735,Unknown,Unknown,Unknown,BP_2022-09-17_08-12-52_692166_0380000_allchannels_test.wav,3
48.288,48.38,Unknown,Unknown,Unknown,BP_2022-09-17_08-12-52_692166_0380000_allchannels_test.wav,3
54.423,54.525,Unknown,Unknown,Unknown,BP_2022-09-17_08-12-52_692166_0380000_allchannels_test.wav,3
55.808,55.919,Unknown,Unknown,Unknown,BP_2022-09-17_08-12-52_692166_0380000_allchannels_test.wav,3
57.56,57.68,Unknown,Unknown,Unknown,BP_2022-09-17_08-12-52_692166_0380000_allchannels_test.wav,3
58.607,58.711,Unknown,Unknown,Unknown,BP_2022-09-17_08-12-52_692166_0380000_allchannels_test.wav,3
59.716,59.824,Unknown,Unknown,Unknown,BP_2022-09-17_08-12-52_692166_0380000_allchannels_test.wav,3
60.159,60.264,Unknown,Unknown,Unknown,BP_2022-09-17_08-12-52_692166_0380000_allchannels_test.wav,3
61.221,61.337,Unknown,Unknown,Unknown,BP_2022-09-17_08-12-52_692166_0380000_allchannels_test.wav,3
64.88,65.151,Unknown,Unknown,Unknown,BP_2022-09-17_08-12-52_692166_0380000_allchannels_test.wav,3
77.2,77.308,Unknown,Unknown,Unknown,BP_2022-09-17_08-12-52_692166_0380000_allchannels_test.wav,3
78.397,78.504,Unknown,Unknown,Unknown,BP_2022-09-17_08-12-52_692166_0380000_allchannels_test.wav,3
79.299,79.42,Unknown,Unknown,Unknown,BP_2022-09-17_08-12-52_692166_0380000_allchannels_test.wav,3
85.872,85.968,Unknown,Unknown,Unknown,BP_2022-09-17_08-12-52_692166_0380000_allchannels_test.wav,3
86.623,86.721,Unknown,Unknown,Unknown,BP_2022-09-17_08-12-52_692166_0380000_allchannels_test.wav,3
87.385,87.488,Unknown,Unknown,Unknown,BP_2022-09-17_08-12-52_692166_0380000_allchannels_test.wav,3
93.325,93.4,Unknown,Unknown,Unknown,BP_2022-09-17_08-12-52_692166_0380000_allchannels_test.wav,3
95.059,95.139,Unknown,Unknown,Unknown,BP_2022-09-17_08-12-52_692166_0380000_allchannels_test.wav,3
95.725,95.811,Unknown,Unknown,Unknown,BP_2022-09-17_08-12-52_692166_0380000_allchannels_test.wav,3
96.445,96.525,Unknown,Unknown,Unknown,BP_2022-09-17_08-12-52_692166_0380000_allchannels_test.wav,3
98.775,98.857,Unknown,Unknown,Unknown,BP_2022-09-17_08-12-52_692166_0380000_allchannels_test.wav,3
103.031,103.137,Unknown,Unknown,Unknown,BP_2022-09-17_08-12-52_692166_0380000_allchannels_test.wav,3
103.425,103.537,Unknown,Unknown,Unknown,BP_2022-09-17_08-12-52_692166_0380000_allchannels_test.wav,3
104.423,104.531,Unknown,Unknown,Unknown,BP_2022-09-17_08-12-52_692166_0380000_allchannels_test.wav,3
105.688,105.799,Unknown,Unknown,Unknown,BP_2022-09-17_08-12-52_692166_0380000_allchannels_test.wav,3
106.539,106.648,Unknown,Unknown,Unknown,BP_2022-09-17_08-12-52_692166_0380000_allchannels_test.wav,3
111.388,111.592,Unknown,Unknown,Unknown,BP_2022-09-17_08-12-52_692166_0380000_allchannels_test.wav,3
112.757,112.903,Unknown,Unknown,Unknown,BP_2022-09-17_08-12-52_692166_0380000_allchannels_test.wav,3
114.912,115.192,Unknown,Unknown,Unknown,BP_2022-09-17_08-12-52_692166_0380000_allchannels_test.wav,3
119.441,119.675,Unknown,Unknown,Unknown,BP_2022-09-17_08-12-52_692166_0380000_allchannels_test.wav,3
122.304,122.385,Unknown,Unknown,Unknown,BP_2022-09-17_08-12-52_692166_0380000_allchannels_test.wav,3
123.595,123.717,Unknown,Unknown,Unknown,BP_2022-09-17_08-12-52_692166_0380000_allchannels_test.wav,3
127.287,127.395,Unknown,Unknown,Unknown,BP_2022-09-17_08-12-52_692166_0380000_allchannels_test.wav,3
128.085,128.208,Unknown,Unknown,Unknown,BP_2022-09-17_08-12-52_692166_0380000_allchannels_test.wav,3
128.661,128.767,Unknown,Unknown,Unknown,BP_2022-09-17_08-12-52_692166_0380000_allchannels_test.wav,3
129.169,129.296,Unknown,Unknown,Unknown,BP_2022-09-17_08-12-52_692166_0380000_allchannels_test.wav,3
129.672,129.795,Unknown,Unknown,Unknown,BP_2022-09-17_08-12-52_692166_0380000_allchannels_test.wav,3
131.327,131.444,Unknown,Unknown,Unknown,BP_2022-09-17_08-12-52_692166_0380000_allchannels_test.wav,3
131.921,132.031,Unknown,Unknown,Unknown,BP_2022-09-17_08-12-52_692166_0380000_allchannels_test.wav,3
132.441,132.565,Unknown,Unknown,Unknown,BP_2022-09-17_08-12-52_692166_0380000_allchannels_test.wav,3
136.027,136.168,Unknown,Unknown,Unknown,BP_2022-09-17_08-12-52_692166_0380000_allchannels_test.wav,3
138.951,139.087,Unknown,Unknown,Unknown,BP_2022-09-17_08-12-52_692166_0380000_allchannels_test.wav,3
141.352,141.443,Unknown,Unknown,Unknown,BP_2022-09-17_08-12-52_692166_0380000_allchannels_test.wav,3
142.797,143.059,Unknown,Unknown,Unknown,BP_2022-09-17_08-12-52_692166_0380000_allchannels_test.wav,3
143.58,143.656,Unknown,Unknown,Unknown,BP_2022-09-17_08-12-52_692166_0380000_allchannels_test.wav,3
146.263,146.392,Unknown,Unknown,Unknown,BP_2022-09-17_08-12-52_692166_0380000_allchannels_test.wav,3
146.833,146.941,Unknown,Unknown,Unknown,BP_2022-09-17_08-12-52_692166_0380000_allchannels_test.wav,3
147.043,147.144,Unknown,Unknown,Unknown,BP_2022-09-17_08-12-52_692166_0380000_allchannels_test.wav,3
147.787,147.859,Unknown,Unknown,Unknown,BP_2022-09-17_08-12-52_692166_0380000_allchannels_test.wav,3
148.116,148.216,Unknown,Unknown,Unknown,BP_2022-09-17_08-12-52_692166_0380000_allchannels_test.wav,3
148.777,148.875,Unknown,Unknown,Unknown,BP_2022-09-17_08-12-52_692166_0380000_allchannels_test.wav,3
149.721,149.787,Unknown,Unknown,Unknown,BP_2022-09-17_08-12-52_692166_0380000_allchannels_test.wav,3
158.76,158.935,Unknown,Unknown,Unknown,BP_2022-09-17_08-12-52_692166_0380000_allchannels_test.wav,3
159.217,159.417,Unknown,Unknown,Unknown,BP_2022-09-17_08-12-52_692166_0380000_allchannels_test.wav,3
161.251,161.384,Unknown,Unknown,Unknown,BP_2022-09-17_08-12-52_692166_0380000_allchannels_test.wav,3
161.689,161.811,Unknown,Unknown,Unknown,BP_2022-09-17_08-12-52_692166_0380000_allchannels_test.wav,3
161.929,162.049,Unknown,Unknown,Unknown,BP_2022-09-17_08-12-52_692166_0380000_allchannels_test.wav,3
162.535,162.668,Unknown,Unknown,Unknown,BP_2022-09-17_08-12-52_692166_0380000_allchannels_test.wav,3
163.712,163.995,Unknown,Unknown,Unknown,BP_2022-09-17_08-12-52_692166_0380000_allchannels_test.wav,3
165.4,165.704,Unknown,Unknown,Unknown,BP_2022-09-17_08-12-52_692166_0380000_allchannels_test.wav,3
166.232,166.384,Unknown,Unknown,Unknown,BP_2022-09-17_08-12-52_692166_0380000_allchannels_test.wav,3
168.799,168.905,Unknown,Unknown,Unknown,BP_2022-09-17_08-12-52_692166_0380000_allchannels_test.wav,3
169.548,169.653,Unknown,Unknown,Unknown,BP_2022-09-17_08-12-52_692166_0380000_allchannels_test.wav,3
171.399,171.521,Unknown,Unknown,Unknown,BP_2022-09-17_08-12-52_692166_0380000_allchannels_test.wav,3
171.809,171.928,Unknown,Unknown,Unknown,BP_2022-09-17_08-12-52_692166_0380000_allchannels_test.wav,3
172.688,172.812,Unknown,Unknown,Unknown,BP_2022-09-17_08-12-52_692166_0380000_allchannels_test.wav,3
174.664,174.796,Unknown,Unknown,Unknown,BP_2022-09-17_08-12-52_692166_0380000_allchannels_test.wav,3
175.584,175.748,Unknown,Unknown,Unknown,BP_2022-09-17_08-12-52_692166_0380000_allchannels_test.wav,3
176.685,176.819,Unknown,Unknown,Unknown,BP_2022-09-17_08-12-52_692166_0380000_allchannels_test.wav,3
177.695,177.831,Unknown,Unknown,Unknown,BP_2022-09-17_08-12-52_692166_0380000_allchannels_test.wav,3
179.404,179.667,Unknown,Unknown,Unknown,BP_2022-09-17_08-12-52_692166_0380000_allchannels_test.wav,3
180.165,180.356,Unknown,Unknown,Unknown,BP_2022-09-17_08-12-52_692166_0380000_allchannels_test.wav,3
181.067,181.135,Unknown,Unknown,Unknown,BP_2022-09-17_08-12-52_692166_0380000_allchannels_test.wav,3
182.515,182.624,Unknown,Unknown,Unknown,BP_2022-09-17_08-12-52_692166_0380000_allchannels_test.wav,3
183.311,183.452,Unknown,Unknown,Unknown,BP_2022-09-17_08-12-52_692166_0380000_allchannels_test.wav,3
184.616,184.793,Unknown,Unknown,Unknown,BP_2022-09-17_08-12-52_692166_0380000_allchannels_test.wav,3
185.711,185.928,Unknown,Unknown,Unknown,BP_2022-09-17_08-12-52_692166_0380000_allchannels_test.wav,3
187.687,187.94,Unknown,Unknown,Unknown,BP_2022-09-17_08-12-52_692166_0380000_allchannels_test.wav,3
195.283,195.393,Unknown,Unknown,Unknown,BP_2022-09-17_08-12-52_692166_0380000_allchannels_test.wav,3
195.963,196.104,Unknown,Unknown,Unknown,BP_2022-09-17_08-12-52_692166_0380000_allchannels_test.wav,3
197.12,197.38,Unknown,Unknown,Unknown,BP_2022-09-17_08-12-52_692166_0380000_allchannels_test.wav,3
197.725,197.884,Unknown,Unknown,Unknown,BP_2022-09-17_08-12-52_692166_0380000_allchannels_test.wav,3
198.347,198.505,Unknown,Unknown,Unknown,BP_2022-09-17_08-12-52_692166_0380000_allchannels_test.wav,3
199.111,199.339,Unknown,Unknown,Unknown,BP_2022-09-17_08-12-52_692166_0380000_allchannels_test.wav,3
201.072,201.291,Unknown,Unknown,Unknown,BP_2022-09-17_08-12-52_692166_0380000_allchannels_test.wav,3
202.28,202.425,Unknown,Unknown,Unknown,BP_2022-09-17_08-12-52_692166_0380000_allchannels_test.wav,3
203.907,204.043,Unknown,Unknown,Unknown,BP_2022-09-17_08-12-52_692166_0380000_allchannels_test.wav,3
211.349,211.452,Unknown,Unknown,Unknown,BP_2022-09-17_08-12-52_692166_0380000_allchannels_test.wav,3
213.813,213.912,Unknown,Unknown,Unknown,BP_2022-09-17_08-12-52_692166_0380000_allchannels_test.wav,3
220.332,220.435,Unknown,Unknown,Unknown,BP_2022-09-17_08-12-52_692166_0380000_allchannels_test.wav,3
220.685,220.787,Unknown,Unknown,Unknown,BP_2022-09-17_08-12-52_692166_0380000_allchannels_test.wav,3
223.223,223.315,Unknown,Unknown,Unknown,BP_2022-09-17_08-12-52_692166_0380000_allchannels_test.wav,3
224.039,224.145,Unknown,Unknown,Unknown,BP_2022-09-17_08-12-52_692166_0380000_allchannels_test.wav,3
224.775,224.881,Unknown,Unknown,Unknown,BP_2022-09-17_08-12-52_692166_0380000_allchannels_test.wav,3
225.636,225.756,Unknown,Unknown,Unknown,BP_2022-09-17_08-12-52_692166_0380000_allchannels_test.wav,3
226.365,226.519,Unknown,Unknown,Unknown,BP_2022-09-17_08-12-52_692166_0380000_allchannels_test.wav,3
226.627,226.768,Unknown,Unknown,Unknown,BP_2022-09-17_08-12-52_692166_0380000_allchannels_test.wav,3
227.872,228.001,Unknown,Unknown,Unknown,BP_2022-09-17_08-12-52_692166_0380000_allchannels_test.wav,3
230.595,230.808,Unknown,Unknown,Unknown,BP_2022-09-17_08-12-52_692166_0380000_allchannels_test.wav,3
231.859,231.995,Unknown,Unknown,Unknown,BP_2022-09-17_08-12-52_692166_0380000_allchannels_test.wav,3
234.149,234.295,Unknown,Unknown,Unknown,BP_2022-09-17_08-12-52_692166_0380000_allchannels_test.wav,3
234.947,235.145,Unknown,Unknown,Unknown,BP_2022-09-17_08-12-52_692166_0380000_allchannels_test.wav,3
235.637,235.812,Unknown,Unknown,Unknown,BP_2022-09-17_08-12-52_692166_0380000_allchannels_test.wav,3
236.28,236.453,Unknown,Unknown,Unknown,BP_2022-09-17_08-12-52_692166_0380000_allchannels_test.wav,3
238.665,238.924,Unknown,Unknown,Unknown,BP_2022-09-17_08-12-52_692166_0380000_allchannels_test.wav,3
10.24,10.316,Unknown,Unknown,Unknown,BP_2022-09-17_08-12-52_692166_0380000_allchannels_test.wav,4
18.711,18.785,Unknown,Unknown,Unknown,BP_2022-09-17_08-12-52_692166_0380000_allchannels_test.wav,4
18.935,19.016,Unknown,Unknown,Unknown,BP_2022-09-17_08-12-52_692166_0380000_allchannels_test.wav,4
21.709,21.788,Unknown,Unknown,Unknown,BP_2022-09-17_08-12-52_692166_0380000_allchannels_test.wav,4
22.76,22.923,Unknown,Unknown,Unknown,BP_2022-09-17_08-12-52_692166_0380000_allchannels_test.wav,4
22.991,23.245,Unknown,Unknown,Unknown,BP_2022-09-17_08-12-52_692166_0380000_allchannels_test.wav,4
23.452,23.609,Unknown,Unknown,Unknown,BP_2022-09-17_08-12-52_692166_0380000_allchannels_test.wav,4
23.761,23.913,Unknown,Unknown,Unknown,BP_2022-09-17_08-12-52_692166_0380000_allchannels_test.wav,4
24.016,24.16,Unknown,Unknown,Unknown,BP_2022-09-17_08-12-52_692166_0380000_allchannels_test.wav,4
24.463,24.861,Unknown,Unknown,Unknown,BP_2022-09-17_08-12-52_692166_0380000_allchannels_test.wav,4
25.216,25.417,Unknown,Unknown,Unknown,BP_2022-09-17_08-12-52_692166_0380000_allchannels_test.wav,4
25.463,25.873,Unknown,Unknown,Unknown,BP_2022-09-17_08-12-52_692166_0380000_allchannels_test.wav,4
26.018,26.374,Unknown,Unknown,Unknown,BP_2022-09-17_08-12-52_692166_0380000_allchannels_test.wav,4
26.492,26.723,Unknown,Unknown,Unknown,BP_2022-09-17_08-12-52_692166_0380000_allchannels_test.wav,4
27.44,27.605,Unknown,Unknown,Unknown,BP_2022-09-17_08-12-52_692166_0380000_allchannels_test.wav,4
28.288,28.395,Unknown,Unknown,Unknown,BP_2022-09-17_08-12-52_692166_0380000_allchannels_test.wav,4
29.02,29.161,Unknown,Unknown,Unknown,BP_2022-09-17_08-12-52_692166_0380000_allchannels_test.wav,4
29.292,29.424,Unknown,Unknown,Unknown,BP_2022-09-17_08-12-52_692166_0380000_allchannels_test.wav,4
30.232,30.325,Unknown,Unknown,Unknown,BP_2022-09-17_08-12-52_692166_0380000_allchannels_test.wav,4
30.343,30.465,Unknown,Unknown,Unknown,BP_2022-09-17_08-12-52_692166_0380000_allchannels_test.wav,4
30.577,30.699,Unknown,Unknown,Unknown,BP_2022-09-17_08-12-52_692166_0380000_allchannels_test.wav,4
31.197,31.377,Unknown,Unknown,Unknown,BP_2022-09-17_08-12-52_692166_0380000_allchannels_test.wav,4
31.465,31.629,Unknown,Unknown,Unknown,BP_2022-09-17_08-12-52_692166_0380000_allchannels_test.wav,4
31.817,32.012,Unknown,Unknown,Unknown,BP_2022-09-17_08-12-52_692166_0380000_allchannels_test.wav,4
32.143,32.327,Unknown,Unknown,Unknown,BP_2022-09-17_08-12-52_692166_0380000_allchannels_test.wav,4
33.033,33.124,Unknown,Unknown,Unknown,BP_2022-09-17_08-12-52_692166_0380000_allchannels_test.wav,4
33.308,33.467,Unknown,Unknown,Unknown,BP_2022-09-17_08-12-52_692166_0380000_allchannels_test.wav,4
33.825,34.084,Unknown,Unknown,Unknown,BP_2022-09-17_08-12-52_692166_0380000_allchannels_test.wav,4
34.932,35.035,Unknown,Unknown,Unknown,BP_2022-09-17_08-12-52_692166_0380000_allchannels_test.wav,4
35.169,35.323,Unknown,Unknown,Unknown,BP_2022-09-17_08-12-52_692166_0380000_allchannels_test.wav,4
35.353,35.473,Unknown,Unknown,Unknown,BP_2022-09-17_08-12-52_692166_0380000_allchannels_test.wav,4
39.172,39.256,Unknown,Unknown,Unknown,BP_2022-09-17_08-12-52_692166_0380000_allchannels_test.wav,4
42.765,42.839,Unknown,Unknown,Unknown,BP_2022-09-17_08-12-52_692166_0380000_allchannels_test.wav,4
45.037,45.115,Unknown,Unknown,Unknown,BP_2022-09-17_08-12-52_692166_0380000_allchannels_test.wav,4
45.319,45.425,Unknown,Unknown,Unknown,BP_2022-09-17_08-12-52_692166_0380000_allchannels_test.wav,4
45.503,45.628,Unknown,Unknown,Unknown,BP_2022-09-17_08-12-52_692166_0380000_allchannels_test.wav,4
45.896,46.007,Unknown,Unknown,Unknown,BP_2022-09-17_08-12-52_692166_0380000_allchannels_test.wav,4
52.108,52.184,Unknown,Unknown,Unknown,BP_2022-09-17_08-12-52_692166_0380000_allchannels_test.wav,4
52.425,52.504,Unknown,Unknown,Unknown,BP_2022-09-17_08-12-52_692166_0380000_allchannels_test.wav,4
52.557,52.613,Unknown,Unknown,Unknown,BP_2022-09-17_08-12-52_692166_0380000_allchannels_test.wav,4
53.237,53.283,Unknown,Unknown,Unknown,BP_2022-09-17_08-12-52_692166_0380000_allchannels_test.wav,4
53.592,53.739,Unknown,Unknown,Unknown,BP_2022-09-17_08-12-52_692166_0380000_allchannels_test.wav,4
53.832,54.007,Unknown,Unknown,Unknown,BP_2022-09-17_08-12-52_692166_0380000_allchannels_test.wav,4
54.101,54.347,Unknown,Unknown,Unknown,BP_2022-09-17_08-12-52_692166_0380000_allchannels_test.wav,4
54.509,54.653,Unknown,Unknown,Unknown,BP_2022-09-17_08-12-52_692166_0380000_allchannels_test.wav,4
54.751,54.887,Unknown,Unknown,Unknown,BP_2022-09-17_08-12-52_692166_0380000_allchannels_test.wav,4
54.931,55.171,Unknown,Unknown,Unknown,BP_2022-09-17_08-12-52_692166_0380000_allchannels_test.wav,4
55.236,55.268,Unknown,Unknown,Unknown,BP_2022-09-17_08-12-52_692166_0380000_allchannels_test.wav,4
55.483,55.685,Unknown,Unknown,Unknown,BP_2022-09-17_08-12-52_692166_0380000_allchannels_test.wav,4
56.08,56.229,Unknown,Unknown,Unknown,BP_2022-09-17_08-12-52_692166_0380000_allchannels_test.wav,4
56.285,56.363,Unknown,Unknown,Unknown,BP_2022-09-17_08-12-52_692166_0380000_allchannels_test.wav,4
56.385,56.612,Unknown,Unknown,Unknown,BP_2022-09-17_08-12-52_692166_0380000_allchannels_test.wav,4
57.664,57.911,Unknown,Unknown,Unknown,BP_2022-09-17_08-12-52_692166_0380000_allchannels_test.wav,4
57.979,58.317,Unknown,Unknown,Unknown,BP_2022-09-17_08-12-52_692166_0380000_allchannels_test.wav,4
65.253,65.32,Unknown,Unknown,Unknown,BP_2022-09-17_08-12-52_692166_0380000_allchannels_test.wav,4
67.88,67.959,Unknown,Unknown,Unknown,BP_2022-09-17_08-12-52_692166_0380000_allchannels_test.wav,4
69.516,69.599,Unknown,Unknown,Unknown,BP_2022-09-17_08-12-52_692166_0380000_allchannels_test.wav,4
71.864,71.945,Unknown,Unknown,Unknown,BP_2022-09-17_08-12-52_692166_0380000_allchannels_test.wav,4
75.237,75.391,Unknown,Unknown,Unknown,BP_2022-09-17_08-12-52_692166_0380000_allchannels_test.wav,4
76.599,76.775,Unknown,Unknown,Unknown,BP_2022-09-17_08-12-52_692166_0380000_allchannels_test.wav,4
77.563,77.639,Unknown,Unknown,Unknown,BP_2022-09-17_08-12-52_692166_0380000_allchannels_test.wav,4
77.809,77.951,Unknown,Unknown,Unknown,BP_2022-09-17_08-12-52_692166_0380000_allchannels_test.wav,4
78.335,78.408,Unknown,Unknown,Unknown,BP_2022-09-17_08-12-52_692166_0380000_allchannels_test.wav,4
78.477,78.593,Unknown,Unknown,Unknown,BP_2022-09-17_08-12-52_692166_0380000_allchannels_test.wav,4
78.652,78.74,Unknown,Unknown,Unknown,BP_2022-09-17_08-12-52_692166_0380000_allchannels_test.wav,4
78.828,78.932,Unknown,Unknown,Unknown,BP_2022-09-17_08-12-52_692166_0380000_allchannels_test.wav,4
79.047,79.393,Unknown,Unknown,Unknown,BP_2022-09-17_08-12-52_692166_0380000_allchannels_test.wav,4
79.5,79.584,Unknown,Unknown,Unknown,BP_2022-09-17_08-12-52_692166_0380000_allchannels_test.wav,4
81.208,81.383,Unknown,Unknown,Unknown,BP_2022-09-17_08-12-52_692166_0380000_allchannels_test.wav,4
81.576,81.74,Unknown,Unknown,Unknown,BP_2022-09-17_08-12-52_692166_0380000_allchannels_test.wav,4
81.917,82.101,Unknown,Unknown,Unknown,BP_2022-09-17_08-12-52_692166_0380000_allchannels_test.wav,4
82.448,82.717,Unknown,Unknown,Unknown,BP_2022-09-17_08-12-52_692166_0380000_allchannels_test.wav,4
83.045,83.165,Unknown,Unknown,Unknown,BP_2022-09-17_08-12-52_692166_0380000_allchannels_test.wav,4
83.431,83.523,Unknown,Unknown,Unknown,BP_2022-09-17_08-12-52_692166_0380000_allchannels_test.wav,4
83.672,83.84,Unknown,Unknown,Unknown,BP_2022-09-17_08-12-52_692166_0380000_allchannels_test.wav,4
83.884,84.056,Unknown,Unknown,Unknown,BP_2022-09-17_08-12-52_692166_0380000_allchannels_test.wav,4
84.591,84.684,Unknown,Unknown,Unknown,BP_2022-09-17_08-12-52_692166_0380000_allchannels_test.wav,4
84.713,85.035,Unknown,Unknown,Unknown,BP_2022-09-17_08-12-52_692166_0380000_allchannels_test.wav,4
85.063,85.211,Unknown,Unknown,Unknown,BP_2022-09-17_08-12-52_692166_0380000_allchannels_test.wav,4
88.651,88.737,Unknown,Unknown,Unknown,BP_2022-09-17_08-12-52_692166_0380000_allchannels_test.wav,4
88.781,88.917,Unknown,Unknown,Unknown,BP_2022-09-17_08-12-52_692166_0380000_allchannels_test.wav,4
88.959,89.167,Unknown,Unknown,Unknown,BP_2022-09-17_08-12-52_692166_0380000_allchannels_test.wav,4
89.961,90.171,Unknown,Unknown,Unknown,BP_2022-09-17_08-12-52_692166_0380000_allchannels_test.wav,4
90.208,90.499,Unknown,Unknown,Unknown,BP_2022-09-17_08-12-52_692166_0380000_allchannels_test.wav,4
90.881,91.047,Unknown,Unknown,Unknown,BP_2022-09-17_08-12-52_692166_0380000_allchannels_test.wav,4
91.208,91.465,Unknown,Unknown,Unknown,BP_2022-09-17_08-12-52_692166_0380000_allchannels_test.wav,4
92.084,92.221,Unknown,Unknown,Unknown,BP_2022-09-17_08-12-52_692166_0380000_allchannels_test.wav,4
92.856,93.079,Unknown,Unknown,Unknown,BP_2022-09-17_08-12-52_692166_0380000_allchannels_test.wav,4
94.151,94.299,Unknown,Unknown,Unknown,BP_2022-09-17_08-12-52_692166_0380000_allchannels_test.wav,4
94.465,94.555,Unknown,Unknown,Unknown,BP_2022-09-17_08-12-52_692166_0380000_allchannels_test.wav,4
94.759,95.031,Unknown,Unknown,Unknown,BP_2022-09-17_08-12-52_692166_0380000_allchannels_test.wav,4
95.757,95.879,Unknown,Unknown,Unknown,BP_2022-09-17_08-12-52_692166_0380000_allchannels_test.wav,4
96.067,96.324,Unknown,Unknown,Unknown,BP_2022-09-17_08-12-52_692166_0380000_allchannels_test.wav,4
96.455,96.576,Unknown,Unknown,Unknown,BP_2022-09-17_08-12-52_692166_0380000_allchannels_test.wav,4
96.787,96.875,Unknown,Unknown,Unknown,BP_2022-09-17_08-12-52_692166_0380000_allchannels_test.wav,4
99.515,99.685,Unknown,Unknown,Unknown,BP_2022-09-17_08-12-52_692166_0380000_allchannels_test.wav,4
100.097,100.148,Unknown,Unknown,Unknown,BP_2022-09-17_08-12-52_692166_0380000_allchannels_test.wav,4
107.665,107.777,Unknown,Unknown,Unknown,BP_2022-09-17_08-12-52_692166_0380000_allchannels_test.wav,4
114.991,115.092,Unknown,Unknown,Unknown,BP_2022-09-17_08-12-52_692166_0380000_allchannels_test.wav,4
115.392,115.511,Unknown,Unknown,Unknown,BP_2022-09-17_08-12-52_692166_0380000_allchannels_test.wav,4
116.123,116.249,Unknown,Unknown,Unknown,BP_2022-09-17_08-12-52_692166_0380000_allchannels_test.wav,4
119.299,119.427,Unknown,Unknown,Unknown,BP_2022-09-17_08-12-52_692166_0380000_allchannels_test.wav,4
123.441,123.557,Unknown,Unknown,Unknown,BP_2022-09-17_08-12-52_692166_0380000_allchannels_test.wav,4
129.599,129.707,Unknown,Unknown,Unknown,BP_2022-09-17_08-12-52_692166_0380000_allchannels_test.wav,4
133.541,133.656,Unknown,Unknown,Unknown,BP_2022-09-17_08-12-52_692166_0380000_allchannels_test.wav,4
136.268,136.423,Unknown,Unknown,Unknown,BP_2022-09-17_08-12-52_692166_0380000_allchannels_test.wav,4
144.813,144.981,Unknown,Unknown,Unknown,BP_2022-09-17_08-12-52_692166_0380000_allchannels_test.wav,4
145.111,145.239,Unknown,Unknown,Unknown,BP_2022-09-17_08-12-52_692166_0380000_allchannels_test.wav,4
145.424,145.563,Unknown,Unknown,Unknown,BP_2022-09-17_08-12-52_692166_0380000_allchannels_test.wav,4
145.593,145.861,Unknown,Unknown,Unknown,BP_2022-09-17_08-12-52_692166_0380000_allchannels_test.wav,4
146.155,146.32,Unknown,Unknown,Unknown,BP_2022-09-17_08-12-52_692166_0380000_allchannels_test.wav,4
146.407,146.643,Unknown,Unknown,Unknown,BP_2022-09-17_08-12-52_692166_0380000_allchannels_test.wav,4
146.725,146.827,Unknown,Unknown,Unknown,BP_2022-09-17_08-12-52_692166_0380000_allchannels_test.wav,4
149.649,149.788,Unknown,Unknown,Unknown,BP_2022-09-17_08-12-52_692166_0380000_allchannels_test.wav,4
155.117,155.229,Unknown,Unknown,Unknown,BP_2022-09-17_08-12-52_692166_0380000_allchannels_test.wav,4
159.586,159.628,Unknown,Unknown,Unknown,BP_2022-09-17_08-12-52_692166_0380000_allchannels_test.wav,4
160.536,160.653,Unknown,Unknown,Unknown,BP_2022-09-17_08-12-52_692166_0380000_allchannels_test.wav,4
162.108,162.224,Unknown,Unknown,Unknown,BP_2022-09-17_08-12-52_692166_0380000_allchannels_test.wav,4
163.612,163.728,Unknown,Unknown,Unknown,BP_2022-09-17_08-12-52_692166_0380000_allchannels_test.wav,4
164.203,164.324,Unknown,Unknown,Unknown,BP_2022-09-17_08-12-52_692166_0380000_allchannels_test.wav,4
167.011,167.121,Unknown,Unknown,Unknown,BP_2022-09-17_08-12-52_692166_0380000_allchannels_test.wav,4
169.809,169.92,Unknown,Unknown,Unknown,BP_2022-09-17_08-12-52_692166_0380000_allchannels_test.wav,4
171.825,171.948,Unknown,Unknown,Unknown,BP_2022-09-17_08-12-52_692166_0380000_allchannels_test.wav,4
177.344,177.457,Unknown,Unknown,Unknown,BP_2022-09-17_08-12-52_692166_0380000_allchannels_test.wav,4
187.417,187.527,Unknown,Unknown,Unknown,BP_2022-09-17_08-12-52_692166_0380000_allchannels_test.wav,4
204.096,204.243,Unknown,Unknown,Unknown,BP_2022-09-17_08-12-52_692166_0380000_allchannels_test.wav,4
234.843,234.941,Unknown,Unknown,Unknown,BP_2022-09-17_08-12-52_692166_0380000_allchannels_test.wav,4
238.108,238.216,Unknown,Unknown,Unknown,BP_2022-09-17_08-12-52_692166_0380000_allchannels_test.wav,4
69.511,69.592,Unknown,Unknown,Unknown,BP_2022-09-17_08-12-52_692166_0380000_allchannels_test.wav,5
120.751,120.865,Unknown,Unknown,Unknown,BP_2022-09-17_08-12-52_692166_0380000_allchannels_test.wav,5
125.108,125.205,Unknown,Unknown,Unknown,BP_2022-09-17_08-12-52_692166_0380000_allchannels_test.wav,5
129.631,129.769,Unknown,Unknown,Unknown,BP_2022-09-17_08-12-52_692166_0380000_allchannels_test.wav,5
132.489,132.635,Unknown,Unknown,Unknown,BP_2022-09-17_08-12-52_692166_0380000_allchannels_test.wav,5
135.009,135.151,Unknown,Unknown,Unknown,BP_2022-09-17_08-12-52_692166_0380000_allchannels_test.wav,5
169.24,169.36,Unknown,Unknown,Unknown,BP_2022-09-17_08-12-52_692166_0380000_allchannels_test.wav,5
205.192,205.309,Unknown,Unknown,Unknown,BP_2022-09-17_08-12-52_692166_0380000_allchannels_test.wav,5
206.679,206.808,Unknown,Unknown,Unknown,BP_2022-09-17_08-12-52_692166_0380000_allchannels_test.wav,5
207.149,207.263,Unknown,Unknown,Unknown,BP_2022-09-17_08-12-52_692166_0380000_allchannels_test.wav,5
211.185,211.345,Unknown,Unknown,Unknown,BP_2022-09-17_08-12-52_692166_0380000_allchannels_test.wav,5
212.129,212.285,Unknown,Unknown,Unknown,BP_2022-09-17_08-12-52_692166_0380000_allchannels_test.wav,5
212.9,213.052,Unknown,Unknown,Unknown,BP_2022-09-17_08-12-52_692166_0380000_allchannels_test.wav,5
214.629,214.759,Unknown,Unknown,Unknown,BP_2022-09-17_08-12-52_692166_0380000_allchannels_test.wav,5
215.687,215.879,Unknown,Unknown,Unknown,BP_2022-09-17_08-12-52_692166_0380000_allchannels_test.wav,5
10.053,10.197,Unknown,Unknown,Unknown,BP_2022-09-17_08-12-52_692166_0380000_allchannels_test.wav,6
47.224,47.373,Unknown,Unknown,Unknown,BP_2022-09-17_08-12-52_692166_0380000_allchannels_test.wav,6
48.119,48.265,Unknown,Unknown,Unknown,BP_2022-09-17_08-12-52_692166_0380000_allchannels_test.wav,6
49.119,49.189,Unknown,Unknown,Unknown,BP_2022-09-17_08-12-52_692166_0380000_allchannels_test.wav,6
57.173,57.32,Unknown,Unknown,Unknown,BP_2022-09-17_08-12-52_692166_0380000_allchannels_test.wav,6
60.283,60.405,Unknown,Unknown,Unknown,BP_2022-09-17_08-12-52_692166_0380000_allchannels_test.wav,6
61.999,62.213,Unknown,Unknown,Unknown,BP_2022-09-17_08-12-52_692166_0380000_allchannels_test.wav,6
62.86,62.988,Unknown,Unknown,Unknown,BP_2022-09-17_08-12-52_692166_0380000_allchannels_test.wav,6
65.926,66.098,Unknown,Unknown,Unknown,BP_2022-09-17_08-12-52_692166_0380000_allchannels_test.wav,6
66.645,66.853,Unknown,Unknown,Unknown,BP_2022-09-17_08-12-52_692166_0380000_allchannels_test.wav,6
68.083,68.26,Unknown,Unknown,Unknown,BP_2022-09-17_08-12-52_692166_0380000_allchannels_test.wav,6
71.253,71.435,Unknown,Unknown,Unknown,BP_2022-09-17_08-12-52_692166_0380000_allchannels_test.wav,6
72.06,72.233,Unknown,Unknown,Unknown,BP_2022-09-17_08-12-52_692166_0380000_allchannels_test.wav,6
73.072,73.244,Unknown,Unknown,Unknown,BP_2022-09-17_08-12-52_692166_0380000_allchannels_test.wav,6
77.2,77.347,Unknown,Unknown,Unknown,BP_2022-09-17_08-12-52_692166_0380000_allchannels_test.wav,6
77.949,78.1,Unknown,Unknown,Unknown,BP_2022-09-17_08-12-52_692166_0380000_allchannels_test.wav,6
79.667,79.819,Unknown,Unknown,Unknown,BP_2022-09-17_08-12-52_692166_0380000_allchannels_test.wav,6
80.444,80.573,Unknown,Unknown,Unknown,BP_2022-09-17_08-12-52_692166_0380000_allchannels_test.wav,6
82.404,82.553,Unknown,Unknown,Unknown,BP_2022-09-17_08-12-52_692166_0380000_allchannels_test.wav,6
85.744,85.832,Unknown,Unknown,Unknown,BP_2022-09-17_08-12-52_692166_0380000_allchannels_test.wav,6
87.524,87.671,Unknown,Unknown,Unknown,BP_2022-09-17_08-12-52_692166_0380000_allchannels_test.wav,6
88.9,89.053,Unknown,Unknown,Unknown,BP_2022-09-17_08-12-52_692166_0380000_allchannels_test.wav,6
98.001,98.131,Unknown,Unknown,Unknown,BP_2022-09-17_08-12-52_692166_0380000_allchannels_test.wav,6
106.037,106.181,Unknown,Unknown,Unknown,BP_2022-09-17_08-12-52_692166_0380000_allchannels_test.wav,6
106.335,106.489,Unknown,Unknown,Unknown,BP_2022-09-17_08-12-52_692166_0380000_allchannels_test.wav,6
107.76,107.924,Unknown,Unknown,Unknown,BP_2022-09-17_08-12-52_692166_0380000_allchannels_test.wav,6
111.003,111.165,Unknown,Unknown,Unknown,BP_2022-09-17_08-12-52_692166_0380000_allchannels_test.wav,6
111.275,111.423,Unknown,Unknown,Unknown,BP_2022-09-17_08-12-52_692166_0380000_allchannels_test.wav,6
111.639,111.815,Unknown,Unknown,Unknown,BP_2022-09-17_08-12-52_692166_0380000_allchannels_test.wav,6
112.519,112.699,Unknown,Unknown,Unknown,BP_2022-09-17_08-12-52_692166_0380000_allchannels_test.wav,6
114.465,114.709,Unknown,Unknown,Unknown,BP_2022-09-17_08-12-52_692166_0380000_allchannels_test.wav,6
115.521,115.721,Unknown,Unknown,Unknown,BP_2022-09-17_08-12-52_692166_0380000_allchannels_test.wav,6
117.291,117.463,Unknown,Unknown,Unknown,BP_2022-09-17_08-12-52_692166_0380000_allchannels_test.wav,6
117.904,118.075,Unknown,Unknown,Unknown,BP_2022-09-17_08-12-52_692166_0380000_allchannels_test.wav,6
118.485,118.641,Unknown,Unknown,Unknown,BP_2022-09-17_08-12-52_692166_0380000_allchannels_test.wav,6
119.248,119.431,Unknown,Unknown,Unknown,BP_2022-09-17_08-12-52_692166_0380000_allchannels_test.wav,6
120.248,120.436,Unknown,Unknown,Unknown,BP_2022-09-17_08-12-52_692166_0380000_allchannels_test.wav,6
121.152,121.347,Unknown,Unknown,Unknown,BP_2022-09-17_08-12-52_692166_0380000_allchannels_test.wav,6
121.972,122.155,Unknown,Unknown,Unknown,BP_2022-09-17_08-12-52_692166_0380000_allchannels_test.wav,6
122.839,123.0,Unknown,Unknown,Unknown,BP_2022-09-17_08-12-52_692166_0380000_allchannels_test.wav,6
123.579,123.711,Unknown,Unknown,Unknown,BP_2022-09-17_08-12-52_692166_0380000_allchannels_test.wav,6
124.211,124.283,Unknown,Unknown,Unknown,BP_2022-09-17_08-12-52_692166_0380000_allchannels_test.wav,6
124.325,124.445,Unknown,Unknown,Unknown,BP_2022-09-17_08-12-52_692166_0380000_allchannels_test.wav,6
125.3,125.46,Unknown,Unknown,Unknown,BP_2022-09-17_08-12-52_692166_0380000_allchannels_test.wav,6
126.808,126.969,Unknown,Unknown,Unknown,BP_2022-09-17_08-12-52_692166_0380000_allchannels_test.wav,6
127.697,127.867,Unknown,Unknown,Unknown,BP_2022-09-17_08-12-52_692166_0380000_allchannels_test.wav,6
128.607,128.785,Unknown,Unknown,Unknown,BP_2022-09-17_08-12-52_692166_0380000_allchannels_test.wav,6
134.207,134.368,Unknown,Unknown,Unknown,BP_2022-09-17_08-12-52_692166_0380000_allchannels_test.wav,6
139.643,139.8,Unknown,Unknown,Unknown,BP_2022-09-17_08-12-52_692166_0380000_allchannels_test.wav,6
140.667,140.831,Unknown,Unknown,Unknown,BP_2022-09-17_08-12-52_692166_0380000_allchannels_test.wav,6
147.543,147.697,Unknown,Unknown,Unknown,BP_2022-09-17_08-12-52_692166_0380000_allchannels_test.wav,6
149.207,149.345,Unknown,Unknown,Unknown,BP_2022-09-17_08-12-52_692166_0380000_allchannels_test.wav,6
152.348,152.576,Unknown,Unknown,Unknown,BP_2022-09-17_08-12-52_692166_0380000_allchannels_test.wav,6
153.426,153.552,Unknown,Unknown,Unknown,BP_2022-09-17_08-12-52_692166_0380000_allchannels_test.wav,6
155.621,155.808,Unknown,Unknown,Unknown,BP_2022-09-17_08-12-52_692166_0380000_allchannels_test.wav,6
162.165,162.379,Unknown,Unknown,Unknown,BP_2022-09-17_08-12-52_692166_0380000_allchannels_test.wav,6
164.189,164.388,Unknown,Unknown,Unknown,BP_2022-09-17_08-12-52_692166_0380000_allchannels_test.wav,6
164.889,165.073,Unknown,Unknown,Unknown,BP_2022-09-17_08-12-52_692166_0380000_allchannels_test.wav,6
165.759,165.968,Unknown,Unknown,Unknown,BP_2022-09-17_08-12-52_692166_0380000_allchannels_test.wav,6
166.412,166.608,Unknown,Unknown,Unknown,BP_2022-09-17_08-12-52_692166_0380000_allchannels_test.wav,6
167.28,167.344,Unknown,Unknown,Unknown,BP_2022-09-17_08-12-52_692166_0380000_allchannels_test.wav,6
169.544,169.739,Unknown,Unknown,Unknown,BP_2022-09-17_08-12-52_692166_0380000_allchannels_test.wav,6
171.424,171.613,Unknown,Unknown,Unknown,BP_2022-09-17_08-12-52_692166_0380000_allchannels_test.wav,6
173.164,173.34,Unknown,Unknown,Unknown,BP_2022-09-17_08-12-52_692166_0380000_allchannels_test.wav,6
179.936,180.097,Unknown,Unknown,Unknown,BP_2022-09-17_08-12-52_692166_0380000_allchannels_test.wav,6
181.896,182.056,Unknown,Unknown,Unknown,BP_2022-09-17_08-12-52_692166_0380000_allchannels_test.wav,6
188.843,188.917,Unknown,Unknown,Unknown,BP_2022-09-17_08-12-52_692166_0380000_allchannels_test.wav,6
195.403,195.56,Unknown,Unknown,Unknown,BP_2022-09-17_08-12-52_692166_0380000_allchannels_test.wav,6
196.267,196.407,Unknown,Unknown,Unknown,BP_2022-09-17_08-12-52_692166_0380000_allchannels_test.wav,6
199.501,199.633,Unknown,Unknown,Unknown,BP_2022-09-17_08-12-52_692166_0380000_allchannels_test.wav,6
200.237,200.489,Unknown,Unknown,Unknown,BP_2022-09-17_08-12-52_692166_0380000_allchannels_test.wav,6
201.541,201.748,Unknown,Unknown,Unknown,BP_2022-09-17_08-12-52_692166_0380000_allchannels_test.wav,6
202.771,202.98,Unknown,Unknown,Unknown,BP_2022-09-17_08-12-52_692166_0380000_allchannels_test.wav,6
206.299,206.453,Unknown,Unknown,Unknown,BP_2022-09-17_08-12-52_692166_0380000_allchannels_test.wav,6
214.149,214.215,Unknown,Unknown,Unknown,BP_2022-09-17_08-12-52_692166_0380000_allchannels_test.wav,6
221.129,221.261,Unknown,Unknown,Unknown,BP_2022-09-17_08-12-52_692166_0380000_allchannels_test.wav,6
225.287,225.433,Unknown,Unknown,Unknown,BP_2022-09-17_08-12-52_692166_0380000_allchannels_test.wav,6
228.105,228.28,Unknown,Unknown,Unknown,BP_2022-09-17_08-12-52_692166_0380000_allchannels_test.wav,6
229.073,229.251,Unknown,Unknown,Unknown,BP_2022-09-17_08-12-52_692166_0380000_allchannels_test.wav,6
229.412,229.585,Unknown,Unknown,Unknown,BP_2022-09-17_08-12-52_692166_0380000_allchannels_test.wav,6
230.852,231.076,Unknown,Unknown,Unknown,BP_2022-09-17_08-12-52_692166_0380000_allchannels_test.wav,6
231.539,231.751,Unknown,Unknown,Unknown,BP_2022-09-17_08-12-52_692166_0380000_allchannels_test.wav,6
233.548,233.74,Unknown,Unknown,Unknown,BP_2022-09-17_08-12-52_692166_0380000_allchannels_test.wav,6
234.464,234.683,Unknown,Unknown,Unknown,BP_2022-09-17_08-12-52_692166_0380000_allchannels_test.wav,6
234.819,235.021,Unknown,Unknown,Unknown,BP_2022-09-17_08-12-52_692166_0380000_allchannels_test.wav,6
235.283,235.533,Unknown,Unknown,Unknown,BP_2022-09-17_08-12-52_692166_0380000_allchannels_test.wav,6
235.733,235.895,Unknown,Unknown,Unknown,BP_2022-09-17_08-12-52_692166_0380000_allchannels_test.wav,6
236.184,236.383,Unknown,Unknown,Unknown,BP_2022-09-17_08-12-52_692166_0380000_allchannels_test.wav,6
236.925,237.153,Unknown,Unknown,Unknown,BP_2022-09-17_08-12-52_692166_0380000_allchannels_test.wav,6
237.935,238.143,Unknown,Unknown,Unknown,BP_2022-09-17_08-12-52_692166_0380000_allchannels_test.wav,6
238.525,238.699,Unknown,Unknown,Unknown,BP_2022-09-17_08-12-52_692166_0380000_allchannels_test.wav,6
239.197,239.403,Unknown,Unknown,Unknown,BP_2022-09-17_08-12-52_692166_0380000_allchannels_test.wav,6
17.273,17.367,Unknown,Unknown,Unknown,BP_2022-09-17_08-12-52_692166_0380000_allchannels_test.wav,7
19.157,19.256,Unknown,Unknown,Unknown,BP_2022-09-17_08-12-52_692166_0380000_allchannels_test.wav,7
34.933,35.049,Unknown,Unknown,Unknown,BP_2022-09-17_08-12-52_692166_0380000_allchannels_test.wav,7
57.668,57.759,Unknown,Unknown,Unknown,BP_2022-09-17_08-12-52_692166_0380000_allchannels_test.wav,7
58.716,58.823,Unknown,Unknown,Unknown,BP_2022-09-17_08-12-52_692166_0380000_allchannels_test.wav,7
59.711,59.819,Unknown,Unknown,Unknown,BP_2022-09-17_08-12-52_692166_0380000_allchannels_test.wav,7
60.483,60.595,Unknown,Unknown,Unknown,BP_2022-09-17_08-12-52_692166_0380000_allchannels_test.wav,7
61.575,61.668,Unknown,Unknown,Unknown,BP_2022-09-17_08-12-52_692166_0380000_allchannels_test.wav,7
64.057,64.151,Unknown,Unknown,Unknown,BP_2022-09-17_08-12-52_692166_0380000_allchannels_test.wav,7
65.445,65.563,Unknown,Unknown,Unknown,BP_2022-09-17_08-12-52_692166_0380000_allchannels_test.wav,7
66.736,66.861,Unknown,Unknown,Unknown,BP_2022-09-17_08-12-52_692166_0380000_allchannels_test.wav,7
67.456,67.595,Unknown,Unknown,Unknown,BP_2022-09-17_08-12-52_692166_0380000_allchannels_test.wav,7
68.001,68.105,Unknown,Unknown,Unknown,BP_2022-09-17_08-12-52_692166_0380000_allchannels_test.wav,7
68.855,68.975,Unknown,Unknown,Unknown,BP_2022-09-17_08-12-52_692166_0380000_allchannels_test.wav,7
69.983,70.087,Unknown,Unknown,Unknown,BP_2022-09-17_08-12-52_692166_0380000_allchannels_test.wav,7
71.705,71.812,Unknown,Unknown,Unknown,BP_2022-09-17_08-12-52_692166_0380000_allchannels_test.wav,7
73.172,73.288,Unknown,Unknown,Unknown,BP_2022-09-17_08-12-52_692166_0380000_allchannels_test.wav,7
77.072,77.165,Unknown,Unknown,Unknown,BP_2022-09-17_08-12-52_692166_0380000_allchannels_test.wav,7
79.651,79.759,Unknown,Unknown,Unknown,BP_2022-09-17_08-12-52_692166_0380000_allchannels_test.wav,7
80.691,80.799,Unknown,Unknown,Unknown,BP_2022-09-17_08-12-52_692166_0380000_allchannels_test.wav,7
81.749,81.859,Unknown,Unknown,Unknown,BP_2022-09-17_08-12-52_692166_0380000_allchannels_test.wav,7
82.419,82.525,Unknown,Unknown,Unknown,BP_2022-09-17_08-12-52_692166_0380000_allchannels_test.wav,7
86.769,86.875,Unknown,Unknown,Unknown,BP_2022-09-17_08-12-52_692166_0380000_allchannels_test.wav,7
88.168,88.279,Unknown,Unknown,Unknown,BP_2022-09-17_08-12-52_692166_0380000_allchannels_test.wav,7
92.42,92.531,Unknown,Unknown,Unknown,BP_2022-09-17_08-12-52_692166_0380000_allchannels_test.wav,7
93.008,93.131,Unknown,Unknown,Unknown,BP_2022-09-17_08-12-52_692166_0380000_allchannels_test.wav,7
94.601,94.709,Unknown,Unknown,Unknown,BP_2022-09-17_08-12-52_692166_0380000_allchannels_test.wav,7
95.655,95.78,Unknown,Unknown,Unknown,BP_2022-09-17_08-12-52_692166_0380000_allchannels_test.wav,7
96.063,96.169,Unknown,Unknown,Unknown,BP_2022-09-17_08-12-52_692166_0380000_allchannels_test.wav,7
96.831,96.923,Unknown,Unknown,Unknown,BP_2022-09-17_08-12-52_692166_0380000_allchannels_test.wav,7
106.376,106.485,Unknown,Unknown,Unknown,BP_2022-09-17_08-12-52_692166_0380000_allchannels_test.wav,7
107.32,107.447,Unknown,Unknown,Unknown,BP_2022-09-17_08-12-52_692166_0380000_allchannels_test.wav,7
107.755,107.864,Unknown,Unknown,Unknown,BP_2022-09-17_08-12-52_692166_0380000_allchannels_test.wav,7
108.66,108.804,Unknown,Unknown,Unknown,BP_2022-09-17_08-12-52_692166_0380000_allchannels_test.wav,7
109.335,109.504,Unknown,Unknown,Unknown,BP_2022-09-17_08-12-52_692166_0380000_allchannels_test.wav,7
109.663,109.76,Unknown,Unknown,Unknown,BP_2022-09-17_08-12-52_692166_0380000_allchannels_test.wav,7
111.257,111.352,Unknown,Unknown,Unknown,BP_2022-09-17_08-12-52_692166_0380000_allchannels_test.wav,7
112.269,112.405,Unknown,Unknown,Unknown,BP_2022-09-17_08-12-52_692166_0380000_allchannels_test.wav,7
113.603,113.683,Unknown,Unknown,Unknown,BP_2022-09-17_08-12-52_692166_0380000_allchannels_test.wav,7
114.835,114.925,Unknown,Unknown,Unknown,BP_2022-09-17_08-12-52_692166_0380000_allchannels_test.wav,7
115.643,115.769,Unknown,Unknown,Unknown,BP_2022-09-17_08-12-52_692166_0380000_allchannels_test.wav,7
116.168,116.335,Unknown,Unknown,Unknown,BP_2022-09-17_08-12-52_692166_0380000_allchannels_test.wav,7
116.999,117.139,Unknown,Unknown,Unknown,BP_2022-09-17_08-12-52_692166_0380000_allchannels_test.wav,7
117.292,117.417,Unknown,Unknown,Unknown,BP_2022-09-17_08-12-52_692166_0380000_allchannels_test.wav,7
117.667,117.788,Unknown,Unknown,Unknown,BP_2022-09-17_08-12-52_692166_0380000_allchannels_test.wav,7
121.167,121.283,Unknown,Unknown,Unknown,BP_2022-09-17_08-12-52_692166_0380000_allchannels_test.wav,7
123.74,123.869,Unknown,Unknown,Unknown,BP_2022-09-17_08-12-52_692166_0380000_allchannels_test.wav,7
126.245,126.368,Unknown,Unknown,Unknown,BP_2022-09-17_08-12-52_692166_0380000_allchannels_test.wav,7
127.091,127.216,Unknown,Unknown,Unknown,BP_2022-09-17_08-12-52_692166_0380000_allchannels_test.wav,7
127.977,128.108,Unknown,Unknown,Unknown,BP_2022-09-17_08-12-52_692166_0380000_allchannels_test.wav,7
129.031,129.183,Unknown,Unknown,Unknown,BP_2022-09-17_08-12-52_692166_0380000_allchannels_test.wav,7
132.563,132.665,Unknown,Unknown,Unknown,BP_2022-09-17_08-12-52_692166_0380000_allchannels_test.wav,7
132.817,132.92,Unknown,Unknown,Unknown,BP_2022-09-17_08-12-52_692166_0380000_allchannels_test.wav,7
133.184,133.291,Unknown,Unknown,Unknown,BP_2022-09-17_08-12-52_692166_0380000_allchannels_test.wav,7
133.551,133.697,Unknown,Unknown,Unknown,BP_2022-09-17_08-12-52_692166_0380000_allchannels_test.wav,7
134.091,134.235,Unknown,Unknown,Unknown,BP_2022-09-17_08-12-52_692166_0380000_allchannels_test.wav,7
134.601,134.719,Unknown,Unknown,Unknown,BP_2022-09-17_08-12-52_692166_0380000_allchannels_test.wav,7
136.068,136.2,Unknown,Unknown,Unknown,BP_2022-09-17_08-12-52_692166_0380000_allchannels_test.wav,7
137.017,137.215,Unknown,Unknown,Unknown,BP_2022-09-17_08-12-52_692166_0380000_allchannels_test.wav,7
138.796,138.941,Unknown,Unknown,Unknown,BP_2022-09-17_08-12-52_692166_0380000_allchannels_test.wav,7
139.503,139.657,Unknown,Unknown,Unknown,BP_2022-09-17_08-12-52_692166_0380000_allchannels_test.wav,7
140.968,141.053,Unknown,Unknown,Unknown,BP_2022-09-17_08-12-52_692166_0380000_allchannels_test.wav,7
143.584,143.691,Unknown,Unknown,Unknown,BP_2022-09-17_08-12-52_692166_0380000_allchannels_test.wav,7
144.635,144.745,Unknown,Unknown,Unknown,BP_2022-09-17_08-12-52_692166_0380000_allchannels_test.wav,7
145.792,145.904,Unknown,Unknown,Unknown,BP_2022-09-17_08-12-52_692166_0380000_allchannels_test.wav,7
146.856,146.963,Unknown,Unknown,Unknown,BP_2022-09-17_08-12-52_692166_0380000_allchannels_test.wav,7
147.179,147.284,Unknown,Unknown,Unknown,BP_2022-09-17_08-12-52_692166_0380000_allchannels_test.wav,7
148.952,149.072,Unknown,Unknown,Unknown,BP_2022-09-17_08-12-52_692166_0380000_allchannels_test.wav,7
149.927,150.045,Unknown,Unknown,Unknown,BP_2022-09-17_08-12-52_692166_0380000_allchannels_test.wav,7
150.209,150.328,Unknown,Unknown,Unknown,BP_2022-09-17_08-12-52_692166_0380000_allchannels_test.wav,7
150.701,150.825,Unknown,Unknown,Unknown,BP_2022-09-17_08-12-52_692166_0380000_allchannels_test.wav,7
151.117,151.243,Unknown,Unknown,Unknown,BP_2022-09-17_08-12-52_692166_0380000_allchannels_test.wav,7
151.663,151.817,Unknown,Unknown,Unknown,BP_2022-09-17_08-12-52_692166_0380000_allchannels_test.wav,7
152.171,152.336,Unknown,Unknown,Unknown,BP_2022-09-17_08-12-52_692166_0380000_allchannels_test.wav,7
152.771,152.891,Unknown,Unknown,Unknown,BP_2022-09-17_08-12-52_692166_0380000_allchannels_test.wav,7
153.129,153.244,Unknown,Unknown,Unknown,BP_2022-09-17_08-12-52_692166_0380000_allchannels_test.wav,7
154.296,154.424,Unknown,Unknown,Unknown,BP_2022-09-17_08-12-52_692166_0380000_allchannels_test.wav,7
155.253,155.371,Unknown,Unknown,Unknown,BP_2022-09-17_08-12-52_692166_0380000_allchannels_test.wav,7
158.96,159.072,Unknown,Unknown,Unknown,BP_2022-09-17_08-12-52_692166_0380000_allchannels_test.wav,7
160.057,160.161,Unknown,Unknown,Unknown,BP_2022-09-17_08-12-52_692166_0380000_allchannels_test.wav,7
161.547,161.675,Unknown,Unknown,Unknown,BP_2022-09-17_08-12-52_692166_0380000_allchannels_test.wav,7
161.993,162.117,Unknown,Unknown,Unknown,BP_2022-09-17_08-12-52_692166_0380000_allchannels_test.wav,7
162.3,162.436,Unknown,Unknown,Unknown,BP_2022-09-17_08-12-52_692166_0380000_allchannels_test.wav,7
162.576,162.711,Unknown,Unknown,Unknown,BP_2022-09-17_08-12-52_692166_0380000_allchannels_test.wav,7
163.016,163.14,Unknown,Unknown,Unknown,BP_2022-09-17_08-12-52_692166_0380000_allchannels_test.wav,7
163.609,163.759,Unknown,Unknown,Unknown,BP_2022-09-17_08-12-52_692166_0380000_allchannels_test.wav,7
163.949,164.108,Unknown,Unknown,Unknown,BP_2022-09-17_08-12-52_692166_0380000_allchannels_test.wav,7
164.999,165.128,Unknown,Unknown,Unknown,BP_2022-09-17_08-12-52_692166_0380000_allchannels_test.wav,7
166.112,166.239,Unknown,Unknown,Unknown,BP_2022-09-17_08-12-52_692166_0380000_allchannels_test.wav,7
166.637,166.76,Unknown,Unknown,Unknown,BP_2022-09-17_08-12-52_692166_0380000_allchannels_test.wav,7
167.547,167.667,Unknown,Unknown,Unknown,BP_2022-09-17_08-12-52_692166_0380000_allchannels_test.wav,7
168.42,168.539,Unknown,Unknown,Unknown,BP_2022-09-17_08-12-52_692166_0380000_allchannels_test.wav,7
169.36,169.479,Unknown,Unknown,Unknown,BP_2022-09-17_08-12-52_692166_0380000_allchannels_test.wav,7
169.981,170.108,Unknown,Unknown,Unknown,BP_2022-09-17_08-12-52_692166_0380000_allchannels_test.wav,7
170.883,171.011,Unknown,Unknown,Unknown,BP_2022-09-17_08-12-52_692166_0380000_allchannels_test.wav,7
171.395,171.509,Unknown,Unknown,Unknown,BP_2022-09-17_08-12-52_692166_0380000_allchannels_test.wav,7
172.235,172.353,Unknown,Unknown,Unknown,BP_2022-09-17_08-12-52_692166_0380000_allchannels_test.wav,7
173.321,173.443,Unknown,Unknown,Unknown,BP_2022-09-17_08-12-52_692166_0380000_allchannels_test.wav,7
174.303,174.424,Unknown,Unknown,Unknown,BP_2022-09-17_08-12-52_692166_0380000_allchannels_test.wav,7
175.231,175.357,Unknown,Unknown,Unknown,BP_2022-09-17_08-12-52_692166_0380000_allchannels_test.wav,7
176.299,176.428,Unknown,Unknown,Unknown,BP_2022-09-17_08-12-52_692166_0380000_allchannels_test.wav,7
176.843,176.959,Unknown,Unknown,Unknown,BP_2022-09-17_08-12-52_692166_0380000_allchannels_test.wav,7
177.785,177.913,Unknown,Unknown,Unknown,BP_2022-09-17_08-12-52_692166_0380000_allchannels_test.wav,7
179.273,179.397,Unknown,Unknown,Unknown,BP_2022-09-17_08-12-52_692166_0380000_allchannels_test.wav,7
183.249,183.383,Unknown,Unknown,Unknown,BP_2022-09-17_08-12-52_692166_0380000_allchannels_test.wav,7
184.297,184.425,Unknown,Unknown,Unknown,BP_2022-09-17_08-12-52_692166_0380000_allchannels_test.wav,7
184.556,184.696,Unknown,Unknown,Unknown,BP_2022-09-17_08-12-52_692166_0380000_allchannels_test.wav,7
184.952,185.072,Unknown,Unknown,Unknown,BP_2022-09-17_08-12-52_692166_0380000_allchannels_test.wav,7
186.063,186.219,Unknown,Unknown,Unknown,BP_2022-09-17_08-12-52_692166_0380000_allchannels_test.wav,7
188.187,188.389,Unknown,Unknown,Unknown,BP_2022-09-17_08-12-52_692166_0380000_allchannels_test.wav,7
194.557,194.653,Unknown,Unknown,Unknown,BP_2022-09-17_08-12-52_692166_0380000_allchannels_test.wav,7
195.352,195.484,Unknown,Unknown,Unknown,BP_2022-09-17_08-12-52_692166_0380000_allchannels_test.wav,7
195.664,195.84,Unknown,Unknown,Unknown,BP_2022-09-17_08-12-52_692166_0380000_allchannels_test.wav,7
195.999,196.14,Unknown,Unknown,Unknown,BP_2022-09-17_08-12-52_692166_0380000_allchannels_test.wav,7
196.265,196.399,Unknown,Unknown,Unknown,BP_2022-09-17_08-12-52_692166_0380000_allchannels_test.wav,7
196.983,197.143,Unknown,Unknown,Unknown,BP_2022-09-17_08-12-52_692166_0380000_allchannels_test.wav,7
197.255,197.407,Unknown,Unknown,Unknown,BP_2022-09-17_08-12-52_692166_0380000_allchannels_test.wav,7
197.497,197.635,Unknown,Unknown,Unknown,BP_2022-09-17_08-12-52_692166_0380000_allchannels_test.wav,7
197.745,197.851,Unknown,Unknown,Unknown,BP_2022-09-17_08-12-52_692166_0380000_allchannels_test.wav,7
197.949,198.063,Unknown,Unknown,Unknown,BP_2022-09-17_08-12-52_692166_0380000_allchannels_test.wav,7
198.287,198.415,Unknown,Unknown,Unknown,BP_2022-09-17_08-12-52_692166_0380000_allchannels_test.wav,7
198.545,198.688,Unknown,Unknown,Unknown,BP_2022-09-17_08-12-52_692166_0380000_allchannels_test.wav,7
198.771,198.92,Unknown,Unknown,Unknown,BP_2022-09-17_08-12-52_692166_0380000_allchannels_test.wav,7
199.007,199.116,Unknown,Unknown,Unknown,BP_2022-09-17_08-12-52_692166_0380000_allchannels_test.wav,7
199.181,199.3,Unknown,Unknown,Unknown,BP_2022-09-17_08-12-52_692166_0380000_allchannels_test.wav,7
199.523,199.633,Unknown,Unknown,Unknown,BP_2022-09-17_08-12-52_692166_0380000_allchannels_test.wav,7
199.883,200.028,Unknown,Unknown,Unknown,BP_2022-09-17_08-12-52_692166_0380000_allchannels_test.wav,7
200.213,200.347,Unknown,Unknown,Unknown,BP_2022-09-17_08-12-52_692166_0380000_allchannels_test.wav,7
200.565,200.709,Unknown,Unknown,Unknown,BP_2022-09-17_08-12-52_692166_0380000_allchannels_test.wav,7
201.181,201.32,Unknown,Unknown,Unknown,BP_2022-09-17_08-12-52_692166_0380000_allchannels_test.wav,7
201.484,201.609,Unknown,Unknown,Unknown,BP_2022-09-17_08-12-52_692166_0380000_allchannels_test.wav,7
202.129,202.243,Unknown,Unknown,Unknown,BP_2022-09-17_08-12-52_692166_0380000_allchannels_test.wav,7
203.792,203.959,Unknown,Unknown,Unknown,BP_2022-09-17_08-12-52_692166_0380000_allchannels_test.wav,7
206.365,206.499,Unknown,Unknown,Unknown,BP_2022-09-17_08-12-52_692166_0380000_allchannels_test.wav,7
210.864,210.983,Unknown,Unknown,Unknown,BP_2022-09-17_08-12-52_692166_0380000_allchannels_test.wav,7
213.0,213.107,Unknown,Unknown,Unknown,BP_2022-09-17_08-12-52_692166_0380000_allchannels_test.wav,7
213.417,213.52,Unknown,Unknown,Unknown,BP_2022-09-17_08-12-52_692166_0380000_allchannels_test.wav,7
222.223,222.329,Unknown,Unknown,Unknown,BP_2022-09-17_08-12-52_692166_0380000_allchannels_test.wav,7
222.583,222.684,Unknown,Unknown,Unknown,BP_2022-09-17_08-12-52_692166_0380000_allchannels_test.wav,7
223.056,223.165,Unknown,Unknown,Unknown,BP_2022-09-17_08-12-52_692166_0380000_allchannels_test.wav,7
223.407,223.511,Unknown,Unknown,Unknown,BP_2022-09-17_08-12-52_692166_0380000_allchannels_test.wav,7
224.893,225.008,Unknown,Unknown,Unknown,BP_2022-09-17_08-12-52_692166_0380000_allchannels_test.wav,7
226.788,226.904,Unknown,Unknown,Unknown,BP_2022-09-17_08-12-52_692166_0380000_allchannels_test.wav,7
227.076,227.207,Unknown,Unknown,Unknown,BP_2022-09-17_08-12-52_692166_0380000_allchannels_test.wav,7
227.597,227.719,Unknown,Unknown,Unknown,BP_2022-09-17_08-12-52_692166_0380000_allchannels_test.wav,7
227.907,228.025,Unknown,Unknown,Unknown,BP_2022-09-17_08-12-52_692166_0380000_allchannels_test.wav,7
228.453,228.572,Unknown,Unknown,Unknown,BP_2022-09-17_08-12-52_692166_0380000_allchannels_test.wav,7
229.348,229.495,Unknown,Unknown,Unknown,BP_2022-09-17_08-12-52_692166_0380000_allchannels_test.wav,7
229.725,229.883,Unknown,Unknown,Unknown,BP_2022-09-17_08-12-52_692166_0380000_allchannels_test.wav,7
230.043,230.192,Unknown,Unknown,Unknown,BP_2022-09-17_08-12-52_692166_0380000_allchannels_test.wav,7
230.388,230.527,Unknown,Unknown,Unknown,BP_2022-09-17_08-12-52_692166_0380000_allchannels_test.wav,7
231.223,231.341,Unknown,Unknown,Unknown,BP_2022-09-17_08-12-52_692166_0380000_allchannels_test.wav,7
233.325,233.469,Unknown,Unknown,Unknown,BP_2022-09-17_08-12-52_692166_0380000_allchannels_test.wav,7
233.965,234.097,Unknown,Unknown,Unknown,BP_2022-09-17_08-12-52_692166_0380000_allchannels_test.wav,7
235.031,235.156,Unknown,Unknown,Unknown,BP_2022-09-17_08-12-52_692166_0380000_allchannels_test.wav,7
236.368,236.536,Unknown,Unknown,Unknown,BP_2022-09-17_08-12-52_692166_0380000_allchannels_test.wav,7
237.847,237.949,Unknown,Unknown,Unknown,BP_2022-09-17_08-12-52_692166_0380000_allchannels_test.wav,7
238.073,238.215,Unknown,Unknown,Unknown,BP_2022-09-17_08-12-52_692166_0380000_allchannels_test.wav,7
238.393,238.528,Unknown,Unknown,Unknown,BP_2022-09-17_08-12-52_692166_0380000_allchannels_test.wav,7
238.757,238.889,Unknown,Unknown,Unknown,BP_2022-09-17_08-12-52_692166_0380000_allchannels_test.wav,7
